player_id,web_name,position,team_id,now_cost,opponent,was_home,predicted_points,fitness_flag,avg_difficulty_next4,fixture_run_summary,prev_points,prev_minutes,fixture_difficulty,opp_defence_strength,opp_attack_strength,chance_of_playing
426,B.Fernandes,MID,16,12.0,IPS,1,7.238193637590673,,3.0,IPS(H) EVE(A) MCI(H) FUL(A),2,90,2,,,
154,Palmer,MID,6,9.5,BHA,1,6.70030880719756,,3.0,BHA(H) ARS(A) HUL(H) BRE(A),13,82,2,1200.0,1140.0,100.0
428,Cunha,MID,16,8.0,IPS,1,6.199449822021069,,3.0,IPS(H) EVE(A) MCI(H) FUL(A),2,79,2,,,
367,Gakpo,MID,14,7.0,NFO,1,6.164046624004454,,2.5,NFO(H) IPS(A) FUL(H) BOU(A),12,90,3,1120.0,1130.0,
165,João Pedro,FWD,6,7.6,BHA,1,6.080143707992528,,3.0,BHA(H) ARS(A) HUL(H) BRE(A),11,90,2,1200.0,1140.0,
427,Mbeumo,MID,16,8.0,IPS,1,6.016515477970324,,3.0,IPS(H) EVE(A) MCI(H) FUL(A),2,90,2,,,
295,McBurnie,FWD,11,5.5,COV,0,5.660177316744391,,3.0,COV(A) AVL(H) CHE(A) NEW(A),5,90,2,,,
40,Rogers,MID,6,7.5,BHA,1,5.583811782928455,,3.0,BHA(H) ARS(A) HUL(H) BRE(A),8,81,2,1200.0,1140.0,
98,Janelt,MID,4,5.0,LEE,0,5.499624542919984,,3.0,LEE(A) SUN(H) BOU(A) CHE(H),9,90,3,1250.0,1160.0,
12,Saka,MID,1,9.5,AVL,0,5.397295664800233,,3.5,AVL(A) CHE(H) SUN(A) BHA(A),9,67,4,1250.0,1210.0,
123,Hinshelwood,MID,5,6.0,CHE,0,4.998878181016486,,3.0,CHE(A) LEE(H) COV(A) ARS(H),16,63,4,1250.0,1140.0,
195,Simms,FWD,7,5.0,HUL,1,4.945469823305157,,3.0,HUL(H) MCI(A) BHA(H) NFO(A),2,69,2,,,
368,Szoboszlai,MID,14,7.0,NFO,1,4.830667366678799,,2.5,NFO(H) IPS(A) FUL(H) BOU(A),8,90,3,1120.0,1130.0,
388,Guéhi,DEF,15,6.0,CRY,0,4.7594740758282255,,2.75,CRY(A) COV(H) MUN(A) SUN(H),10,90,3,1170.0,1200.0,
4,Gabriel,DEF,1,8.0,AVL,0,4.669343416375733,,3.5,AVL(A) CHE(H) SUN(A) BHA(A),5,90,4,1250.0,1210.0,
586,Mendy,DEF,11,4.0,COV,0,4.60209878284321,,3.0,COV(A) AVL(H) CHE(A) NEW(A),15,63,2,,,100.0
454,Elanga,MID,17,6.0,TOT,0,4.602065116003506,,2.75,TOT(A) BOU(H) LEE(A) HUL(H),9,75,3,1150.0,1090.0,
279,Ajayi,DEF,11,4.0,COV,0,4.479733208376079,,3.0,COV(A) AVL(H) CHE(A) NEW(A),14,63,2,,,100.0
194,Thomas-Asante,FWD,7,5.0,HUL,1,4.425263630855039,,3.0,HUL(H) MCI(A) BHA(H) NFO(A),2,69,2,,,
84,Collins,DEF,4,5.5,LEE,0,4.419031194181888,,3.0,LEE(A) SUN(H) BOU(A) CHE(H),6,90,3,1250.0,1160.0,
423,Shaw,DEF,16,4.5,IPS,1,4.371481374418609,,3.0,IPS(H) EVE(A) MCI(H) FUL(A),1,90,2,,,
498,Senesi,DEF,19,6.0,NEW,1,4.369821037077318,,2.75,NEW(H) NFO(A) EVE(H) AVL(H),3,90,2,1110.0,1130.0,
544,Xhaka,MID,20,5.5,FUL,1,4.356743475209216,,3.5,FUL(H) BRE(A) ARS(H) MCI(A),9,90,2,1120.0,1090.0,
379,Isak,FWD,14,9.0,NFO,1,4.330581268345216,,2.5,NFO(H) IPS(A) FUL(H) BOU(A),2,90,3,1120.0,1130.0,
125,Georginio,FWD,5,5.5,CHE,0,4.329834849932733,⚠ doubtful/injured,3.0,CHE(A) LEE(H) COV(A) ARS(H),5,90,4,1250.0,1140.0,75.0
384,Donnarumma,GKP,15,5.5,CRY,0,4.318882254580865,,2.75,CRY(A) COV(H) MUN(A) SUN(H),3,90,3,1170.0,1200.0,
445,Thiaw,DEF,17,5.0,TOT,0,4.295636692176325,,2.75,TOT(A) BOU(H) LEE(A) HUL(H),3,90,3,1150.0,1090.0,
465,Osula,FWD,17,6.0,TOT,0,4.253852526414624,⚠ doubtful/injured,2.75,TOT(A) BOU(H) LEE(A) HUL(H),4,55,3,1150.0,1090.0,0.0
79,Evanilson,FWD,3,6.0,EVE,1,4.222352117802915,,3.25,EVE(H) NEW(A) BRE(H) LIV(H),4,74,3,1140.0,1130.0,
464,Wissa,FWD,17,6.0,TOT,0,4.176000504698166,,2.75,TOT(A) BOU(H) LEE(A) HUL(H),4,90,3,1150.0,1090.0,
68,Tavernier,MID,3,6.0,EVE,1,4.0812380579424925,,3.25,EVE(H) NEW(A) BRE(H) LIV(H),10,90,3,1140.0,1130.0,
398,Foden,MID,15,7.0,CRY,0,4.071179527694454,,2.75,CRY(A) COV(H) MUN(A) SUN(H),1,81,3,1170.0,1200.0,
15,Ødegaard,MID,1,6.5,AVL,0,4.0527782304994675,,3.5,AVL(A) CHE(H) SUN(A) BHA(A),11,75,4,1250.0,1210.0,
418,Maguire,DEF,16,5.0,IPS,1,4.040349829243417,,3.0,IPS(H) EVE(A) MCI(H) FUL(A),1,90,2,,,
88,Kayode,DEF,4,4.6,LEE,0,3.9837222031897133,,3.0,LEE(A) SUN(H) BOU(A) CHE(H),13,75,3,1250.0,1160.0,
411,Haaland,FWD,15,15.5,CRY,0,3.8906871455963166,,2.75,CRY(A) COV(H) MUN(A) SUN(H),2,90,3,1170.0,1200.0,
399,Cherki,MID,15,7.5,CRY,0,3.877193535791619,,2.75,CRY(A) COV(H) MUN(A) SUN(H),8,27,3,1170.0,1200.0,
447,Botman,DEF,17,5.0,TOT,0,3.862936654803359,,2.75,TOT(A) BOU(H) LEE(A) HUL(H),3,90,3,1150.0,1090.0,
173,Thomas,DEF,7,4.0,HUL,1,3.8603307616570115,,3.0,HUL(H) MCI(A) BHA(H) NFO(A),3,90,2,,,
268,King,MID,10,5.5,SUN,0,3.844803982293353,,3.5,SUN(A) CRY(H) LIV(A) MUN(H),7,90,3,1130.0,1170.0,
229,Tarkowski,DEF,9,6.0,BOU,0,3.833338354075344,,3.0,BOU(A) MUN(H) TOT(A) IPS(H),6,90,3,1240.0,1230.0,
421,Heaven,DEF,16,4.5,IPS,1,3.814099218736808,,3.0,IPS(H) EVE(A) MCI(H) FUL(A),1,90,2,,,
127,Gomez,MID,5,5.0,CHE,0,3.766788165711866,,3.0,CHE(A) LEE(H) COV(A) ARS(H),6,85,4,1250.0,1140.0,
124,Groß,MID,5,5.5,CHE,0,3.739966357451723,,3.0,CHE(A) LEE(H) COV(A) ARS(H),2,90,4,1250.0,1140.0,
429,Rashford,MID,16,7.0,IPS,1,3.700904278696644,,3.0,IPS(H) EVE(A) MCI(H) FUL(A),1,45,2,,,
366,Wirtz,MID,14,7.5,NFO,1,3.684723171854906,,2.5,NFO(H) IPS(A) FUL(H) BOU(A),2,62,3,1120.0,1130.0,
496,Kinsky,GKP,19,4.5,NEW,1,3.6721959170833003,,2.75,NEW(H) NFO(A) EVE(H) AVL(H),2,90,2,1110.0,1130.0,
356,Virgil,DEF,14,6.5,NFO,1,3.660513126216154,,2.5,NFO(H) IPS(A) FUL(H) BOU(A),2,90,3,1120.0,1130.0,
255,J.Cuenca,DEF,10,4.5,SUN,0,3.659752008418747,,3.5,SUN(A) CRY(H) LIV(A) MUN(H),3,90,3,1130.0,1170.0,
391,Gvardiol,DEF,15,5.5,CRY,0,3.6553112394106337,,2.75,CRY(A) COV(H) MUN(A) SUN(H),9,90,3,1170.0,1200.0,
258,Castagne,DEF,10,4.5,SUN,0,3.654326231456742,,3.5,SUN(A) CRY(H) LIV(A) MUN(H),6,90,3,1130.0,1170.0,
422,Mazraoui,DEF,16,4.5,IPS,1,3.6266515406411264,,3.0,IPS(H) EVE(A) MCI(H) FUL(A),1,79,2,,,
397,Semenyo,MID,15,8.5,CRY,0,3.586799368438414,,2.75,CRY(A) COV(H) MUN(A) SUN(H),2,90,3,1170.0,1200.0,
86,Lewis-Potter,MID,4,5.5,LEE,0,3.580402284305938,,3.0,LEE(A) SUN(H) BOU(A) CHE(H),10,90,3,1250.0,1160.0,
290,Slater,MID,11,4.5,COV,0,3.532236893217976,,3.0,COV(A) AVL(H) CHE(A) NEW(A),6,90,2,,,
237,Ndiaye,MID,9,6.0,BOU,0,3.500380906002857,,3.0,BOU(A) MUN(H) TOT(A) IPS(H),9,90,3,1240.0,1230.0,
175,van Ewijk,DEF,7,4.0,HUL,1,3.4976951670789496,,3.0,HUL(H) MCI(A) BHA(H) NFO(A),1,90,2,,,
198,Henderson,GKP,8,5.0,MCI,1,3.487171547790221,,3.0,MCI(H) FUL(A) IPS(H) LEE(A),2,90,4,1310.0,1220.0,100.0
502,Robertson,DEF,19,4.5,NEW,1,3.4648750066904896,,2.75,NEW(H) NFO(A) EVE(H) AVL(H),3,90,2,1110.0,1130.0,
334,Muharemović,DEF,13,5.0,BRE,1,3.4527069497228884,,2.75,BRE(H) BHA(A) NEW(H) CRY(H),6,90,3,1150.0,1120.0,
504,Vuskovic,DEF,5,5.0,CHE,0,3.4420393334537756,,3.0,CHE(A) LEE(H) COV(A) ARS(H),6,90,4,1250.0,1140.0,
94,Schade,MID,4,6.0,LEE,0,3.4234649286226366,,3.0,LEE(A) SUN(H) BOU(A) CHE(H),3,90,3,1250.0,1160.0,
385,Trafford,GKP,13,5.0,BRE,1,3.4200336597226135,,2.75,BRE(H) BHA(A) NEW(H) CRY(H),9,90,3,1150.0,1120.0,
176,Dasilva,DEF,7,4.0,HUL,1,3.4200278563631654,,3.0,HUL(H) MCI(A) BHA(H) NFO(A),1,90,2,,,
338,Ampadu,MID,13,5.5,BRE,1,3.4132239556758113,,2.75,BRE(H) BHA(A) NEW(H) CRY(H),5,90,3,1150.0,1120.0,
545,Sadiki,MID,20,5.0,FUL,1,3.402744703992835,,3.5,FUL(H) BRE(A) ARS(H) MCI(A),2,90,2,1120.0,1090.0,
26,Havertz,FWD,1,7.5,AVL,0,3.39934896364307,,3.5,AVL(A) CHE(H) SUN(A) BHA(A),6,90,4,1250.0,1210.0,
200,Lacroix,DEF,6,6.0,BHA,1,3.389188707369569,,3.0,BHA(H) ARS(A) HUL(H) BRE(A),6,90,2,1200.0,1140.0,
210,Wharton,MID,8,5.5,MCI,1,3.379427635217495,,3.0,MCI(H) FUL(A) IPS(H) LEE(A),4,90,4,1310.0,1220.0,100.0
523,Moore,MID,19,5.0,NEW,1,3.370823227996,,2.75,NEW(H) NFO(A) EVE(H) AVL(H),2,67,2,1110.0,1130.0,
412,Lammens,GKP,16,5.0,IPS,1,3.3685878524700987,,3.0,IPS(H) EVE(A) MCI(H) FUL(A),1,90,2,,,
110,Rushworth,GKP,7,4.5,HUL,1,3.3604260715069794,,3.0,HUL(H) MCI(A) BHA(H) NFO(A),1,90,2,,,
514,Tel,MID,19,6.0,NEW,1,3.345887672481356,,2.75,NEW(H) NFO(A) EVE(H) AVL(H),2,90,2,1110.0,1130.0,
335,Stach,MID,13,6.0,BRE,1,3.339836070201689,,2.75,BRE(H) BHA(A) NEW(H) CRY(H),13,90,3,1150.0,1120.0,
557,Tzolis,MID,1,6.5,AVL,0,3.3337075482172485,,3.5,AVL(A) CHE(H) SUN(A) BHA(A),6,75,4,1250.0,1210.0,
357,Frimpong,DEF,14,5.5,NFO,1,3.330072974931914,,2.5,NFO(H) IPS(A) FUL(H) BOU(A),0,90,3,1120.0,1130.0,
449,Hall,DEF,17,5.0,TOT,0,3.2928808891192576,,2.75,TOT(A) BOU(H) LEE(A) HUL(H),3,90,3,1150.0,1090.0,
346,Calvert-Lewin,FWD,13,6.0,BRE,1,3.2858209892096566,,2.75,BRE(H) BHA(A) NEW(H) CRY(H),1,90,3,1150.0,1120.0,
486,McAtee,MID,18,5.5,LIV,0,3.274650678803536,,3.25,LIV(A) TOT(H) AVL(A) COV(H),3,73,4,1300.0,1200.0,
529,Roefs,GKP,20,5.0,FUL,1,3.2646352871512896,,3.5,FUL(H) BRE(A) ARS(H) MCI(A),1,90,2,1120.0,1090.0,
282,Giles,DEF,11,4.0,COV,0,3.2645110267895663,,3.0,COV(A) AVL(H) CHE(A) NEW(A),6,84,2,,,
264,Bobb,MID,10,5.5,SUN,0,3.244926037371087,,3.5,SUN(A) CRY(H) LIV(A) MUN(H),2,66,3,1130.0,1170.0,
250,Leno,GKP,10,4.5,SUN,0,3.2170329668700877,,3.5,SUN(A) CRY(H) LIV(A) MUN(H),2,90,3,1130.0,1170.0,
57,Petrović,GKP,3,4.5,EVE,1,3.1808612901512885,,3.25,EVE(H) NEW(A) BRE(H) LIV(H),2,90,3,1140.0,1130.0,
460,Willock,MID,17,5.0,TOT,0,3.155778760329888,,2.75,TOT(A) BOU(H) LEE(A) HUL(H),6,34,3,1150.0,1090.0,
226,Pickford,GKP,9,5.5,BOU,0,3.1510087387633985,,3.0,BOU(A) MUN(H) TOT(A) IPS(H),7,90,3,1240.0,1230.0,
572,Tzolakis,GKP,11,4.5,COV,0,3.147154613144497,,3.0,COV(A) AVL(H) CHE(A) NEW(A),10,90,2,,,
82,Kelleher,GKP,4,5.0,LEE,0,3.1388380166845513,,3.0,LEE(A) SUN(H) BOU(A) CHE(H),7,90,3,1250.0,1160.0,
61,Truffert,DEF,3,5.5,EVE,1,3.138735113453337,,3.25,EVE(H) NEW(A) BRE(H) LIV(H),1,90,3,1140.0,1130.0,
10,White,DEF,1,5.5,AVL,0,3.1323926734020895,,3.5,AVL(A) CHE(H) SUN(A) BHA(A),11,90,4,1250.0,1210.0,100.0
593,Dedić,DEF,17,4.5,TOT,0,3.1212383334739564,,2.75,TOT(A) BOU(H) LEE(A) HUL(H),1,90,3,1150.0,1090.0,
11,Mosquera,DEF,1,5.5,AVL,0,3.11545911859266,,3.5,AVL(A) CHE(H) SUN(A) BHA(A),6,90,4,1250.0,1210.0,
552,Brobbey,FWD,20,6.0,FUL,1,3.1085178679654994,,3.5,FUL(H) BRE(A) ARS(H) MCI(A),2,66,2,1120.0,1090.0,
567,Horníček,GKP,17,5.0,TOT,0,3.1055382125077995,,2.75,TOT(A) BOU(H) LEE(A) HUL(H),1,90,3,1150.0,1090.0,
112,Van Hecke,DEF,19,5.0,NEW,1,3.1053213204119148,,2.75,NEW(H) NFO(A) EVE(H) AVL(H),1,90,2,1110.0,1130.0,
286,Belloumi,MID,11,5.0,COV,0,3.0970770090781117,,3.0,COV(A) AVL(H) CHE(A) NEW(A),3,90,2,,,
358,Kerkez,DEF,14,5.5,NFO,1,3.0729281031484423,,2.5,NFO(H) IPS(A) FUL(H) BOU(A),0,90,3,1120.0,1130.0,
316,Emersonn,FWD,12,5.5,MUN,0,3.067796349929311,,3.5,MUN(A) LIV(H) CRY(A) EVE(A),9,65,4,1310.0,1190.0,
190,Tchaouna,MID,7,5.5,HUL,1,3.0557021452765576,,3.0,HUL(H) MCI(A) BHA(H) NFO(A),2,81,2,,,
459,L.Miley,MID,17,5.5,TOT,0,3.0523847538998488,,2.75,TOT(A) BOU(H) LEE(A) HUL(H),3,75,3,1150.0,1090.0,100.0
60,Hill,DEF,3,5.5,EVE,1,3.044730513036107,,3.25,EVE(H) NEW(A) BRE(H) LIV(H),1,90,3,1140.0,1130.0,
105,Anthony,MID,4,6.0,LEE,0,3.0372074102316744,,3.0,LEE(A) SUN(H) BOU(A) CHE(H),1,23,3,1250.0,1160.0,
472,Murillo,DEF,18,5.5,LIV,0,3.0340044753926203,,3.25,LIV(A) TOT(H) AVL(A) COV(H),4,90,4,1300.0,1200.0,100.0
329,Rodon,DEF,13,4.5,BRE,1,3.025718062557645,,2.75,BRE(H) BHA(A) NEW(H) CRY(H),6,90,3,1150.0,1120.0,
455,Tonali,MID,19,5.5,NEW,1,2.9999953437530693,,2.75,NEW(H) NFO(A) EVE(H) AVL(H),2,90,2,1110.0,1130.0,
350,A.Becker,GKP,14,5.5,NFO,1,2.995552573101772,,2.5,NFO(H) IPS(A) FUL(H) BOU(A),2,90,3,1120.0,1130.0,
565,M.Sangaré,MID,4,5.6,LEE,0,2.9925467393504985,,3.0,LEE(A) SUN(H) BOU(A) CHE(H),14,75,3,1250.0,1160.0,
70,Kluivert,MID,3,6.0,EVE,1,2.9695687060044986,,3.25,EVE(H) NEW(A) BRE(H) LIV(H),3,74,3,1140.0,1130.0,
242,George,MID,9,5.5,BOU,0,2.9640319724978004,,3.0,BOU(A) MUN(H) TOT(A) IPS(H),3,83,3,1240.0,1230.0,
277,Egan,DEF,11,4.0,COV,0,2.9418758269115743,,3.0,COV(A) AVL(H) CHE(A) NEW(A),8,90,2,,,
327,Bijol,DEF,13,5.0,BRE,1,2.9148911728869864,,2.75,BRE(H) BHA(A) NEW(H) CRY(H),10,90,3,1150.0,1120.0,
230,Branthwaite,DEF,9,5.5,BOU,0,2.912454995506771,,3.0,BOU(A) MUN(H) TOT(A) IPS(H),6,90,3,1240.0,1230.0,
140,Sánchez,GKP,6,5.0,BHA,1,2.9111804736453166,,3.0,BHA(H) ARS(A) HUL(H) BRE(A),2,90,2,1200.0,1140.0,
182,Amenda,DEF,7,4.0,HUL,1,2.902944883398641,,3.0,HUL(H) MCI(A) BHA(H) NFO(A),1,90,2,,,
214,Kamada,MID,8,5.0,MCI,1,2.880689160333145,,3.0,MCI(H) FUL(A) IPS(H) LEE(A),3,90,4,1310.0,1220.0,
315,Fatawu,MID,12,5.5,MUN,0,2.8706224643621354,,3.5,MUN(A) LIV(H) CRY(A) EVE(A),2,65,4,1310.0,1190.0,
67,Rayan,MID,3,6.5,EVE,1,2.8627658934980476,,3.25,EVE(H) NEW(A) BRE(H) LIV(H),2,88,3,1140.0,1130.0,
453,Barnes,MID,17,6.0,TOT,0,2.8510049781941036,,2.75,TOT(A) BOU(H) LEE(A) HUL(H),2,90,3,1150.0,1090.0,
7,Lewis-Skelly,MID,1,5.5,AVL,0,2.843636276381967,,3.5,AVL(A) CHE(H) SUN(A) BHA(A),3,90,4,1250.0,1210.0,
142,James,DEF,6,5.5,BHA,1,2.8350969933354886,,3.0,BHA(H) ARS(A) HUL(H) BRE(A),0,90,2,1200.0,1140.0,
280,Coyle,DEF,11,4.0,COV,0,2.8321443924883933,,3.0,COV(A) AVL(H) CHE(A) NEW(A),6,69,2,,,100.0
106,Thiago,FWD,4,8.0,LEE,0,2.8094998872745807,,3.0,LEE(A) SUN(H) BOU(A) CHE(H),0,82,3,1250.0,1160.0,
393,Khusanov,DEF,15,5.5,CRY,0,2.807769153451931,,2.75,CRY(A) COV(H) MUN(A) SUN(H),2,90,3,1170.0,1200.0,
95,O.Dango,MID,4,6.5,LEE,0,2.802768915451112,,3.0,LEE(A) SUN(H) BOU(A) CHE(H),3,66,3,1250.0,1160.0,
244,Armstrong,MID,9,5.0,BOU,0,2.798936989947944,,3.0,BOU(A) MUN(H) TOT(A) IPS(H),8,90,3,1240.0,1230.0,
390,Rúben,DEF,15,5.5,CRY,0,2.7947011949223155,,2.75,CRY(A) COV(H) MUN(A) SUN(H),2,90,3,1170.0,1200.0,
491,Igor Jesus,FWD,18,6.0,LIV,0,2.7765764963243926,,3.25,LIV(A) TOT(H) AVL(A) COV(H),2,90,4,1300.0,1200.0,
336,Okafor,MID,13,6.0,BRE,1,2.7750710975203337,,2.75,BRE(H) BHA(A) NEW(H) CRY(H),1,24,3,1150.0,1120.0,
337,Aaronson,MID,13,5.5,BRE,1,2.764486919228299,,2.75,BRE(H) BHA(A) NEW(H) CRY(H),3,81,3,1150.0,1120.0,
566,Silva,DEF,3,5.0,EVE,1,2.757164271446333,,3.25,EVE(H) NEW(A) BRE(H) LIV(H),2,90,3,1140.0,1130.0,
467,Sels,GKP,18,5.0,LIV,0,2.746296424665285,,3.25,LIV(A) TOT(H) AVL(A) COV(H),2,90,4,1300.0,1200.0,
43,Tielemans,MID,16,6.0,IPS,1,2.743304743017406,,3.0,IPS(H) EVE(A) MCI(H) FUL(A),2,66,2,,,100.0
97,Jensen,MID,4,5.5,LEE,0,2.740441085333956,,3.0,LEE(A) SUN(H) BOU(A) CHE(H),6,66,3,1250.0,1160.0,
471,Milenković,DEF,18,5.5,LIV,0,2.7389087991661043,,3.25,LIV(A) TOT(H) AVL(A) COV(H),2,90,4,1300.0,1200.0,
480,Gibbs-White,MID,18,8.0,LIV,0,2.7370801788196517,⚠ doubtful/injured,3.25,LIV(A) TOT(H) AVL(A) COV(H),2,90,4,1300.0,1200.0,75.0
151,Acheampong,DEF,6,4.5,BHA,1,2.721992179256051,,3.0,BHA(H) ARS(A) HUL(H) BRE(A),3,90,2,1200.0,1140.0,
541,Meunier,DEF,20,4.5,FUL,1,2.710291335338381,,3.5,FUL(H) BRE(A) ARS(H) MCI(A),1,90,2,1120.0,1090.0,100.0
69,Scott,MID,3,6.0,EVE,1,2.7057967861225753,,3.25,EVE(H) NEW(A) BRE(H) LIV(H),2,90,3,1140.0,1130.0,
236,Dewsbury-Hall,MID,9,6.5,BOU,0,2.7021311564879356,,3.0,BOU(A) MUN(H) TOT(A) IPS(H),11,90,3,1240.0,1230.0,
261,Iwobi,MID,10,5.5,SUN,0,2.701833313120105,,3.5,SUN(A) CRY(H) LIV(A) MUN(H),2,90,3,1130.0,1170.0,
29,M.Bizot,GKP,2,4.5,ARS,1,2.6976913432215324,,3.0,ARS(H) HUL(A) NFO(H) TOT(A),1,90,4,1270.0,1340.0,
162,Andrey Santos,MID,16,5.0,IPS,1,2.6903516493483304,,3.0,IPS(H) EVE(A) MCI(H) FUL(A),2,66,2,,,
395,Lewis,DEF,15,4.5,CRY,0,2.647046753637406,,2.75,CRY(A) COV(H) MUN(A) SUN(H),1,56,3,1170.0,1200.0,
260,Wilson,MID,13,6.5,BRE,1,2.646574950866062,,2.75,BRE(H) BHA(A) NEW(H) CRY(H),3,65,3,1150.0,1120.0,
184,Grimes,MID,7,5.0,HUL,1,2.6458086388662942,,3.0,HUL(H) MCI(A) BHA(H) NFO(A),2,90,2,,,
104,Onyeka,MID,7,5.0,HUL,1,2.610546481496475,,3.0,HUL(H) MCI(A) BHA(H) NFO(A),2,90,2,,,
542,E.Le Fée,MID,20,6.0,FUL,1,2.6079993082644246,,3.5,FUL(H) BRE(A) ARS(H) MCI(A),2,79,2,1120.0,1090.0,
1,Raya,GKP,1,6.0,AVL,0,2.594540009184348,,3.5,AVL(A) CHE(H) SUN(A) BHA(A),6,90,4,1250.0,1210.0,
87,Ajer,DEF,4,4.5,LEE,0,2.5908958656641317,,3.0,LEE(A) SUN(H) BOU(A) CHE(H),8,90,3,1250.0,1160.0,
257,Bassey,DEF,10,4.5,SUN,0,2.582914879995434,,3.5,SUN(A) CRY(H) LIV(A) MUN(H),0,90,3,1130.0,1170.0,
532,Ballard,DEF,20,5.0,FUL,1,2.5669240946270904,,3.5,FUL(H) BRE(A) ARS(H) MCI(A),0,90,2,1120.0,1090.0,
564,Scherpen,GKP,12,4.5,MUN,0,2.5556728019034094,,3.5,MUN(A) LIV(H) CRY(A) EVE(A),2,90,4,1310.0,1190.0,
202,Richards,DEF,8,5.0,MCI,1,2.528110676886684,,3.0,MCI(H) FUL(A) IPS(H) LEE(A),3,90,4,1310.0,1220.0,
536,Reinildo,DEF,20,4.5,FUL,1,2.5277252779239268,,3.5,FUL(H) BRE(A) ARS(H) MCI(A),1,90,2,1120.0,1090.0,
481,Anderson,MID,15,6.5,CRY,0,2.5212594248215083,,2.75,CRY(A) COV(H) MUN(A) SUN(H),2,62,3,1170.0,1200.0,100.0
576,Stroud,MID,11,5.0,COV,0,2.5150567783536997,,3.0,COV(A) AVL(H) CHE(A) NEW(A),3,70,2,,,
130,Wieffer,DEF,5,5.0,CHE,0,2.490599401403394,,3.0,CHE(A) LEE(H) COV(A) ARS(H),7,77,4,1250.0,1140.0,
224,Nketiah,FWD,8,5.5,MCI,1,2.4789364667019425,,3.0,MCI(H) FUL(A) IPS(H) LEE(A),1,55,4,1310.0,1220.0,
233,Mykolenko,DEF,9,4.5,BOU,0,2.4740803785669327,,3.0,BOU(A) MUN(H) TOT(A) IPS(H),6,90,3,1240.0,1230.0,
41,Buendía,MID,2,6.0,ARS,1,2.4714139426947432,,3.0,ARS(H) HUL(A) NFO(H) TOT(A),2,85,4,1270.0,1340.0,
309,Núñez,MID,12,5.0,MUN,0,2.4460282443825134,,3.5,MUN(A) LIV(H) CRY(A) EVE(A),4,79,4,1310.0,1190.0,
330,Bogle,DEF,13,4.5,BRE,1,2.427081826517032,,2.75,BRE(H) BHA(A) NEW(H) CRY(H),6,90,3,1150.0,1120.0,
247,Hackney,MID,9,5.5,BOU,0,2.42459233308519,⚠ doubtful/injured,3.0,BOU(A) MUN(H) TOT(A) IPS(H),3,78,3,1240.0,1230.0,75.0
371,Gravenberch,MID,14,6.0,NFO,1,2.4210119079157084,,2.5,NFO(H) IPS(A) FUL(H) BOU(A),5,77,3,1120.0,1130.0,
289,Crooks,MID,11,4.5,COV,0,2.413570249602322,,3.0,COV(A) AVL(H) CHE(A) NEW(A),2,90,2,,,
161,Lavia,MID,6,5.0,BHA,1,2.4060357826861045,,3.0,BHA(H) ARS(A) HUL(H) BRE(A),1,64,2,1200.0,1140.0,
265,Berge,MID,10,5.0,SUN,0,2.395633910060713,,3.5,SUN(A) CRY(H) LIV(A) MUN(H),2,72,3,1130.0,1170.0,
115,De Cuyper,DEF,5,4.6,CHE,0,2.3643014591786837,,3.0,CHE(A) LEE(H) COV(A) ARS(H),17,77,4,1250.0,1140.0,
116,Dunk,DEF,5,4.5,CHE,0,2.3536724649091814,,3.0,CHE(A) LEE(H) COV(A) ARS(H),6,90,4,1250.0,1140.0,
16,Madueke,MID,1,6.5,AVL,0,2.353087262247357,,3.5,AVL(A) CHE(H) SUN(A) BHA(A),1,22,4,1250.0,1210.0,
488,I.Sangaré,MID,18,5.0,LIV,0,2.3471334750084476,,3.25,LIV(A) TOT(H) AVL(A) COV(H),2,90,4,1300.0,1200.0,
522,Gray,MID,19,5.0,NEW,1,2.3133186562882004,,2.75,NEW(H) NFO(A) EVE(H) AVL(H),2,85,2,1110.0,1130.0,
183,Rudoni,MID,7,5.0,HUL,1,2.3016306472340973,,3.0,HUL(H) MCI(A) BHA(H) NFO(A),1,20,2,,,100.0
246,Röhl,MID,9,5.0,BOU,0,2.2945956323792576,,3.0,BOU(A) MUN(H) TOT(A) IPS(H),3,90,3,1240.0,1230.0,
64,Smith,DEF,3,4.5,EVE,1,2.2930644399238655,,3.25,EVE(H) NEW(A) BRE(H) LIV(H),1,90,3,1140.0,1130.0,
562,Maeda,MID,12,5.5,MUN,0,2.291059989695689,,3.5,MUN(A) LIV(H) CRY(A) EVE(A),2,79,4,1310.0,1190.0,
551,Angulo,MID,20,5.0,FUL,1,2.2805891341617386,,3.5,FUL(H) BRE(A) ARS(H) MCI(A),5,58,2,1120.0,1090.0,
267,Lukić,MID,12,5.0,MUN,0,2.262686049567636,,3.5,MUN(A) LIV(H) CRY(A) EVE(A),5,90,4,1310.0,1190.0,
362,Jacquet,DEF,14,5.0,NFO,1,2.2585387362434055,,2.5,NFO(H) IPS(A) FUL(H) BOU(A),1,69,3,1120.0,1130.0,100.0
469,N.Williams,DEF,18,5.0,LIV,0,2.2563029306102935,,3.25,LIV(A) TOT(H) AVL(A) COV(H),2,90,4,1300.0,1200.0,
13,Rice,MID,1,7.5,AVL,0,2.2390609836382955,,3.5,AVL(A) CHE(H) SUN(A) BHA(A),3,67,4,1250.0,1210.0,
254,Robinson,DEF,10,4.5,SUN,0,2.234815370081344,,3.5,SUN(A) CRY(H) LIV(A) MUN(H),1,81,3,1130.0,1170.0,
534,Hume,DEF,20,4.5,FUL,1,2.2160788652301875,,3.5,FUL(H) BRE(A) ARS(H) MCI(A),2,79,2,1120.0,1090.0,
415,Dorgu,MID,16,6.0,IPS,1,2.2138841825571496,,3.0,IPS(H) EVE(A) MCI(H) FUL(A),0,45,2,,,
149,Colwill,DEF,6,5.0,BHA,1,2.211503727144602,,3.0,BHA(H) ARS(A) HUL(H) BRE(A),0,90,2,1200.0,1140.0,
203,Canvot,DEF,8,5.0,MCI,1,2.189217814757893,,3.0,MCI(H) FUL(A) IPS(H) LEE(A),1,90,4,1310.0,1220.0,
71,Cook,MID,3,5.0,EVE,1,2.188078982530707,,3.25,EVE(H) NEW(A) BRE(H) LIV(H),3,75,3,1140.0,1130.0,
591,Enciso,MID,12,5.5,MUN,0,2.187428322378691,,3.5,MUN(A) LIV(H) CRY(A) EVE(A),5,70,4,1310.0,1190.0,100.0
249,Barry,FWD,9,5.5,BOU,0,2.156170421470105,,3.0,BOU(A) MUN(H) TOT(A) IPS(H),8,78,3,1240.0,1230.0,
527,Richarlison,FWD,19,6.0,NEW,1,2.149459388134691,,2.75,NEW(H) NFO(A) EVE(H) AVL(H),2,67,2,1110.0,1130.0,
332,Justin,DEF,13,4.5,BRE,1,2.1424232310629137,,2.75,BRE(H) BHA(A) NEW(H) CRY(H),10,90,3,1150.0,1120.0,
369,Ngumoha,MID,14,6.0,NFO,1,2.140718664486925,,2.5,NFO(H) IPS(A) FUL(H) BOU(A),2,62,3,1120.0,1130.0,
188,Torp,MID,7,5.5,HUL,1,2.132519065128664,,3.0,HUL(H) MCI(A) BHA(H) NFO(A),1,28,2,,,
570,Palacios,MID,10,5.5,SUN,0,2.129363903958371,,3.5,SUN(A) CRY(H) LIV(A) MUN(H),2,72,3,1130.0,1170.0,
37,Lindelöf,DEF,2,4.5,ARS,1,2.0704364967010536,,3.0,ARS(H) HUL(A) NFO(H) TOT(A),-2,90,4,1270.0,1340.0,
8,Calafiori,DEF,1,5.6,AVL,0,2.067325952285389,,3.5,AVL(A) CHE(H) SUN(A) BHA(A),9,80,4,1250.0,1210.0,
304,O'Shea,DEF,12,4.0,MUN,0,2.0659411907127385,,3.5,MUN(A) LIV(H) CRY(A) EVE(A),4,90,4,1310.0,1190.0,
108,Wilson,FWD,4,5.5,LEE,0,2.0598701992771113,,3.0,LEE(A) SUN(H) BOU(A) CHE(H),1,7,3,1250.0,1160.0,
129,Ayari,MID,5,5.5,CHE,0,2.05697936470125,,3.0,CHE(A) LEE(H) COV(A) ARS(H),2,63,4,1250.0,1140.0,
569,Gonzalo,FWD,10,6.0,SUN,0,2.0354612759723807,,3.5,SUN(A) CRY(H) LIV(A) MUN(H),6,90,3,1130.0,1170.0,
47,Kamara,MID,2,5.0,ARS,1,2.013170968425502,,3.0,ARS(H) HUL(A) NFO(H) TOT(A),2,90,4,1270.0,1340.0,100.0
432,Mainoo,MID,16,5.5,IPS,1,2.0033858212584157,,3.0,IPS(H) EVE(A) MCI(H) FUL(A),1,23,2,,,
34,Pau,DEF,2,4.5,ARS,1,1.9957855613333864,,3.0,ARS(H) HUL(A) NFO(H) TOT(A),0,73,4,1270.0,1340.0,
109,Verbruggen,GKP,5,4.5,CHE,0,1.9946041591572676,,3.0,CHE(A) LEE(H) COV(A) ARS(H),6,90,4,1250.0,1140.0,
474,Jair Cunha,DEF,18,4.5,LIV,0,1.9919648712533213,,3.25,LIV(A) TOT(H) AVL(A) COV(H),1,90,4,1300.0,1200.0,
32,Cash,DEF,2,4.5,ARS,1,1.9756215848915848,,3.0,ARS(H) HUL(A) NFO(H) TOT(A),-1,90,4,1270.0,1340.0,
46,Barkley,MID,2,5.0,ARS,1,1.9729375120284958,,3.0,ARS(H) HUL(A) NFO(H) TOT(A),2,73,4,1270.0,1340.0,
114,Boscagli,DEF,5,4.5,CHE,0,1.9533628900651496,,3.0,CHE(A) LEE(H) COV(A) ARS(H),6,90,4,1250.0,1140.0,
439,Šeško,FWD,16,7.0,IPS,1,1.931283312292805,,3.0,IPS(H) EVE(A) MCI(H) FUL(A),1,23,2,,,100.0
45,McGinn,MID,2,5.5,ARS,1,1.9138063086810304,,3.0,ARS(H) HUL(A) NFO(H) TOT(A),1,81,4,1270.0,1340.0,
473,Aina,DEF,18,4.5,LIV,0,1.8973924543569738,,3.25,LIV(A) TOT(H) AVL(A) COV(H),5,73,4,1300.0,1200.0,
306,Greaves,DEF,12,4.0,MUN,0,1.8845881672997218,,3.5,MUN(A) LIV(H) CRY(A) EVE(A),2,90,4,1310.0,1190.0,
525,Fernandes,MID,19,6.0,NEW,1,1.878344926820954,,2.75,NEW(H) NFO(A) EVE(H) AVL(H),1,45,2,1110.0,1130.0,
377,Munoz,MID,14,6.5,NFO,1,1.8719727183694215,,2.5,NFO(H) IPS(A) FUL(H) BOU(A),4,27,3,1120.0,1130.0,
36,Maatsen,DEF,2,4.5,ARS,1,1.8642659629056935,,3.0,ARS(H) HUL(A) NFO(H) TOT(A),0,81,4,1270.0,1340.0,
387,O'Reilly,DEF,15,6.5,CRY,0,1.8604703696961804,,2.75,CRY(A) COV(H) MUN(A) SUN(H),2,62,3,1170.0,1200.0,
144,Gusto,DEF,6,5.0,BHA,1,1.8549358266548024,,3.0,BHA(H) ARS(A) HUL(H) BRE(A),1,75,2,1200.0,1140.0,
389,Matheus N.,DEF,15,6.0,CRY,0,1.8184422541892873,⚠ doubtful/injured,2.75,CRY(A) COV(H) MUN(A) SUN(H),1,33,3,1170.0,1200.0,75.0
241,McNeil,MID,8,5.5,MCI,1,1.8147109704553919,,3.0,MCI(H) FUL(A) IPS(H) LEE(A),2,62,4,1310.0,1220.0,
259,Diop,DEF,12,4.0,MUN,0,1.8091734643500346,,3.5,MUN(A) LIV(H) CRY(A) EVE(A),2,90,4,1310.0,1190.0,
96,Damsgaard,MID,4,5.5,LEE,0,1.802739096376893,,3.0,LEE(A) SUN(H) BOU(A) CHE(H),1,14,3,1250.0,1160.0,
204,Mitchell,DEF,8,4.5,MCI,1,1.7821750399241687,,3.0,MCI(H) FUL(A) IPS(H) LEE(A),1,90,4,1310.0,1220.0,
51,George Hemmings,MID,2,4.5,ARS,1,1.7727888703203365,,3.0,ARS(H) HUL(A) NFO(H) TOT(A),2,90,4,1270.0,1340.0,
305,Davis,DEF,12,4.0,MUN,0,1.7713374428555968,,3.5,MUN(A) LIV(H) CRY(A) EVE(A),2,90,4,1310.0,1190.0,
579,Araujo,DEF,14,5.5,NFO,1,1.7606220125278458,,2.5,NFO(H) IPS(A) FUL(H) BOU(A),1,20,3,1120.0,1130.0,
515,Maddison,MID,19,6.5,NEW,1,1.7225054942237996,⚠ doubtful/injured,2.75,NEW(H) NFO(A) EVE(H) AVL(H),1,22,2,1110.0,1130.0,75.0
222,Strand Larsen,FWD,8,6.0,MCI,1,1.7172747061417486,,3.0,MCI(H) FUL(A) IPS(H) LEE(A),1,27,4,1310.0,1220.0,
483,Ndoye,MID,18,5.5,LIV,0,1.695343398377332,,3.25,LIV(A) TOT(H) AVL(A) COV(H),3,61,4,1300.0,1200.0,
539,O'Nien,DEF,20,4.0,FUL,1,1.6916675488989759,,3.5,FUL(H) BRE(A) ARS(H) MCI(A),1,66,2,1120.0,1090.0,
516,Bentancur,MID,19,5.5,NEW,1,1.6400243490941842,,2.75,NEW(H) NFO(A) EVE(H) AVL(H),1,45,2,1110.0,1130.0,
446,Schär,DEF,17,5.0,TOT,0,1.638367402091838,,2.75,TOT(A) BOU(H) LEE(A) HUL(H),1,1,3,1150.0,1090.0,100.0
155,Enzo,MID,6,7.0,BHA,1,1.6252386511991848,,3.0,BHA(H) ARS(A) HUL(H) BRE(A),1,25,2,1200.0,1140.0,
148,Hato,DEF,6,4.5,BHA,1,1.6109195105088867,,3.0,BHA(H) ARS(A) HUL(H) BRE(A),1,64,2,1200.0,1140.0,
313,Clarke,MID,12,5.5,MUN,0,1.6050730590302562,,3.5,MUN(A) LIV(H) CRY(A) EVE(A),7,19,4,1310.0,1190.0,
17,Merino,MID,1,6.0,AVL,0,1.5822738547988338,,3.5,AVL(A) CHE(H) SUN(A) BHA(A),1,14,4,1250.0,1210.0,
372,Mac Allister,MID,14,5.5,NFO,1,1.5433265706586334,,2.5,NFO(H) IPS(A) FUL(H) BOU(A),1,27,3,1120.0,1130.0,
588,Khalaili,DEF,8,5.0,MCI,1,1.537736465604301,,3.0,MCI(H) FUL(A) IPS(H) LEE(A),1,35,4,1310.0,1220.0,
239,Garner,MID,9,6.0,BOU,0,1.5235572550168957,,3.0,BOU(A) MUN(H) TOT(A) IPS(H),1,11,3,1240.0,1230.0,100.0
269,Sessegnon,DEF,10,4.5,SUN,0,1.523057612044773,,3.5,SUN(A) CRY(H) LIV(A) MUN(H),1,17,3,1130.0,1170.0,
206,Chadi Riad,DEF,8,4.5,MCI,1,1.5142528143171934,⚠ doubtful/injured,3.0,MCI(H) FUL(A) IPS(H) LEE(A),1,72,4,1310.0,1220.0,0.0
201,Muñoz,DEF,8,5.5,MCI,1,1.5072753133815269,,3.0,MCI(H) FUL(A) IPS(H) LEE(A),0,54,4,1310.0,1220.0,
519,Gallagher,MID,19,5.5,NEW,1,1.4938367040789382,,2.75,NEW(H) NFO(A) EVE(H) AVL(H),0,45,2,1110.0,1130.0,
211,Yeremy,MID,8,5.5,MCI,1,1.472329479041142,,3.0,MCI(H) FUL(A) IPS(H) LEE(A),1,35,4,1310.0,1220.0,
406,Kovačić,MID,15,5.5,CRY,0,1.4715821420571722,,2.75,CRY(A) COV(H) MUN(A) SUN(H),1,27,3,1170.0,1200.0,
417,Dalot,DEF,16,5.0,IPS,1,1.4634094938900162,,3.0,IPS(H) EVE(A) MCI(H) FUL(A),1,10,2,,,
223,Mateta,FWD,8,6.5,MCI,1,1.460438072135496,,3.0,MCI(H) FUL(A) IPS(H) LEE(A),2,62,4,1310.0,1220.0,
42,Guessand,MID,8,5.5,MCI,1,1.4535102501177088,,3.0,MCI(H) FUL(A) IPS(H) LEE(A),1,27,4,1310.0,1220.0,
281,Drameh,DEF,11,4.0,COV,0,1.452679615460912,,3.0,COV(A) AVL(H) CHE(A) NEW(A),1,20,2,,,100.0
19,Zubimendi,MID,1,5.5,AVL,0,1.4474742621865129,,3.5,AVL(A) CHE(H) SUN(A) BHA(A),1,22,4,1250.0,1210.0,
456,J.Ramsey,MID,17,5.0,TOT,0,1.4430735799878889,,2.75,TOT(A) BOU(H) LEE(A) HUL(H),0,34,3,1150.0,1090.0,
492,Awoniyi,FWD,7,5.5,HUL,1,1.430595387872413,,3.0,HUL(H) MCI(A) BHA(H) NFO(A),1,20,2,,,
156,Neto,MID,6,6.5,BHA,1,1.416692430506492,,3.0,BHA(H) ARS(A) HUL(H) BRE(A),1,14,2,1200.0,1140.0,
535,Alderete,DEF,20,5.0,FUL,1,1.4154132403776256,,3.5,FUL(H) BRE(A) ARS(H) MCI(A),1,23,2,1120.0,1090.0,100.0
263,Kevin,MID,10,5.5,SUN,0,1.397839372337907,,3.5,SUN(A) CRY(H) LIV(A) MUN(H),1,17,3,1130.0,1170.0,
575,Yirenkyi,MID,7,5.0,HUL,1,1.3887013658479765,,3.0,HUL(H) MCI(A) BHA(H) NFO(A),1,61,2,,,
585,Herrington,DEF,11,4.0,COV,0,1.3710532078456847,,3.0,COV(A) AVL(H) CHE(A) NEW(A),1,26,2,,,
600,Osman,MID,5,5.0,CHE,0,1.368956670148567,,3.0,CHE(A) LEE(H) COV(A) ARS(H),1,12,4,1250.0,1140.0,
138,Kostoulas,FWD,5,5.5,CHE,0,1.3666347801378032,,3.0,CHE(A) LEE(H) COV(A) ARS(H),1,26,4,1250.0,1140.0,
608,Jebbison,FWD,3,5.0,EVE,1,1.362593440594388,,3.25,EVE(H) NEW(A) BRE(H) LIV(H),1,15,3,1140.0,1130.0,
520,Bergvall,MID,19,5.5,NEW,1,1.3464382265859076,,2.75,NEW(H) NFO(A) EVE(H) AVL(H),1,45,2,1110.0,1130.0,
102,Yarmoliuk,MID,4,5.0,LEE,0,1.3462124229844208,,3.0,LEE(A) SUN(H) BOU(A) CHE(H),1,23,3,1250.0,1160.0,
381,Koumas,MID,14,5.0,NFO,1,1.3227599858813228,,2.5,NFO(H) IPS(A) FUL(H) BOU(A),1,12,3,1120.0,1130.0,
119,Costinha,DEF,5,4.5,CHE,0,1.3212765090893064,,3.0,CHE(A) LEE(H) COV(A) ARS(H),1,26,4,1250.0,1140.0,
14,Eze,MID,1,6.5,AVL,0,1.3212177401735037,,3.5,AVL(A) CHE(H) SUN(A) BHA(A),1,14,4,1250.0,1210.0,
285,McNair,DEF,11,4.0,COV,0,1.3046786391852543,,3.0,COV(A) AVL(H) CHE(A) NEW(A),1,26,2,,,
490,Wood,FWD,18,6.0,LIV,0,1.302663734503379,,3.25,LIV(A) TOT(H) AVL(A) COV(H),1,28,4,1300.0,1200.0,
583,Chavarria,DEF,6,5.0,BHA,1,1.289094171023066,,3.0,BHA(H) ARS(A) HUL(H) BRE(A),1,25,2,1200.0,1140.0,
549,Talbi,MID,20,5.5,FUL,1,1.2853595710360244,,3.5,FUL(H) BRE(A) ARS(H) MCI(A),1,31,2,1120.0,1090.0,
526,Solanke,FWD,19,6.0,NEW,1,1.2739908273494276,,2.75,NEW(H) NFO(A) EVE(H) AVL(H),1,22,2,1110.0,1130.0,
580,Charles,MID,10,5.0,SUN,0,1.2665970225982603,,3.5,SUN(A) CRY(H) LIV(A) MUN(H),1,23,3,1130.0,1170.0,
584,Hamer,MID,7,5.5,HUL,1,1.2619984305136984,,3.0,HUL(H) MCI(A) BHA(H) NFO(A),1,8,2,,,
243,Alcaraz,MID,9,5.0,BOU,0,1.2439321492176334,,3.0,BOU(A) MUN(H) TOT(A) IPS(H),1,1,3,1240.0,1230.0,
543,Diarra,MID,20,5.5,FUL,1,1.2404068088760283,,3.5,FUL(H) BRE(A) ARS(H) MCI(A),1,10,2,1120.0,1090.0,
320,Akpom,FWD,12,5.0,MUN,0,1.2225521010070781,,3.5,MUN(A) LIV(H) CRY(A) EVE(A),1,24,4,1310.0,1190.0,
462,Steur,MID,17,5.0,TOT,0,1.2103090817195632,,2.75,TOT(A) BOU(H) LEE(A) HUL(H),1,55,3,1150.0,1090.0,
478,Netz,DEF,18,4.5,LIV,0,1.201985360154061,,3.25,LIV(A) TOT(H) AVL(A) COV(H),1,16,4,1300.0,1200.0,
559,Bamba,MID,17,5.0,TOT,0,1.1972494389373216,,2.75,TOT(A) BOU(H) LEE(A) HUL(H),1,14,3,1150.0,1090.0,
9,Hincapie,DEF,1,5.5,AVL,0,1.1831479172027932,,3.5,AVL(A) CHE(H) SUN(A) BHA(A),1,9,4,1250.0,1210.0,
164,Quenda,MID,6,5.5,BHA,1,1.18174686432209,,3.0,BHA(H) ARS(A) HUL(H) BRE(A),1,8,2,1200.0,1140.0,100.0
73,Adams,MID,3,5.0,EVE,1,1.1702362702932785,,3.25,EVE(H) NEW(A) BRE(H) LIV(H),1,15,3,1140.0,1130.0,100.0
271,Muniz,FWD,10,5.5,SUN,0,1.1677322548409683,,3.5,SUN(A) CRY(H) LIV(A) MUN(H),1,8,3,1130.0,1170.0,
577,Tomiyasu,DEF,8,4.5,MCI,1,1.1500581248966948,,3.0,MCI(H) FUL(A) IPS(H) LEE(A),1,18,4,1310.0,1220.0,
238,Grealish,MID,15,6.5,CRY,0,1.1498727616252167,,2.75,CRY(A) COV(H) MUN(A) SUN(H),1,8,3,1170.0,1200.0,100.0
558,Schlager,MID,18,5.0,LIV,0,1.1418532993554142,,3.25,LIV(A) TOT(H) AVL(A) COV(H),1,16,4,1300.0,1200.0,
157,Estêvão,MID,6,6.5,BHA,1,1.131254643287328,,3.0,BHA(H) ARS(A) HUL(H) BRE(A),1,7,2,1200.0,1140.0,
209,Johnson,MID,9,6.0,BOU,0,1.1247963226331132,,3.0,BOU(A) MUN(H) TOT(A) IPS(H),1,6,3,1240.0,1230.0,
287,Millar,MID,11,5.0,COV,0,1.1238739425207394,,3.0,COV(A) AVL(H) CHE(A) NEW(A),0,19,2,,,
76,Tóth.A,MID,3,5.0,EVE,1,1.1083294917979651,,3.25,EVE(H) NEW(A) BRE(H) LIV(H),1,15,3,1140.0,1130.0,
435,Lacey,MID,16,5.0,IPS,1,1.101125416675623,,3.0,IPS(H) EVE(A) MCI(H) FUL(A),1,10,2,,,
135,Yohanna,MID,5,5.0,CHE,0,1.0957423258302526,,3.0,CHE(A) LEE(H) COV(A) ARS(H),1,12,4,1250.0,1140.0,
248,Beto,FWD,9,5.5,BOU,0,1.0702663093926874,,3.0,BOU(A) MUN(H) TOT(A) IPS(H),1,11,3,1240.0,1230.0,
35,Bogarde,MID,2,5.0,ARS,1,1.0684424910649373,,3.0,ARS(H) HUL(A) NFO(H) TOT(A),1,16,4,1270.0,1340.0,
54,Gomes,MID,2,5.5,ARS,1,1.0546124590320496,⚠ doubtful/injured,3.0,ARS(H) HUL(A) NFO(H) TOT(A),-2,39,4,1270.0,1340.0,0.0
323,McAteer,MID,12,4.5,MUN,0,1.0484517732530576,,3.5,MUN(A) LIV(H) CRY(A) EVE(A),1,24,4,1310.0,1190.0,
506,Udogie,DEF,19,4.5,NEW,1,1.0459025429155429,,2.75,NEW(H) NFO(A) EVE(H) AVL(H),1,4,2,1110.0,1130.0,
33,Mings,DEF,2,4.5,ARS,1,0.9901420266657879,,3.0,ARS(H) HUL(A) NFO(H) TOT(A),1,16,4,1270.0,1340.0,
52,Alysson,MID,2,5.0,ARS,1,0.9682293278576549,,3.0,ARS(H) HUL(A) NFO(H) TOT(A),1,8,4,1270.0,1340.0,
553,Isidor,FWD,20,5.5,FUL,1,0.9425311257230308,,3.5,FUL(H) BRE(A) ARS(H) MCI(A),1,23,2,1120.0,1090.0,
596,Ruggeri,DEF,2,4.5,ARS,1,0.9066587324786852,,3.0,ARS(H) HUL(A) NFO(H) TOT(A),1,8,4,1270.0,1340.0,
90,Hickey,DEF,4,4.5,LEE,0,0.9014661353218829,,3.0,LEE(A) SUN(H) BOU(A) CHE(H),1,14,3,1250.0,1160.0,
556,Targett,DEF,11,4.0,COV,0,0.842862319584407,,3.0,COV(A) AVL(H) CHE(A) NEW(A),1,5,2,,,
457,J.Murphy,MID,17,6.0,TOT,0,0.8265581212386909,,2.75,TOT(A) BOU(H) LEE(A) HUL(H),0,14,3,1150.0,1090.0,
548,Rigg,MID,20,5.0,FUL,1,0.8004523907684137,,3.5,FUL(H) BRE(A) ARS(H) MCI(A),1,10,2,1120.0,1090.0,
605,Yalcouyé,MID,5,4.5,CHE,0,0.7871664481455243,,3.0,CHE(A) LEE(H) COV(A) ARS(H),1,4,4,1250.0,1140.0,
592,Ouattara,DEF,12,4.0,MUN,0,0.7827212791650338,,3.5,MUN(A) LIV(H) CRY(A) EVE(A),1,10,4,1310.0,1190.0,
160,Garnacho,MID,2,6.0,ARS,1,0.7701728470859095,,3.0,ARS(H) HUL(A) NFO(H) TOT(A),1,4,4,1270.0,1340.0,
339,Longstaff,MID,13,5.0,BRE,1,0.7546785208179809,,2.75,BRE(H) BHA(A) NEW(H) CRY(H),1,8,3,1150.0,1120.0,
72,Gannon-Doak,MID,3,5.0,EVE,1,0.7303595700606368,,3.25,EVE(H) NEW(A) BRE(H) LIV(H),1,1,3,1140.0,1130.0,
321,Walle Egeli,FWD,12,4.5,MUN,0,0.667282486111196,,3.5,MUN(A) LIV(H) CRY(A) EVE(A),1,10,4,1310.0,1190.0,
533,Mukiele,DEF,20,5.5,FUL,1,0.6352405487500312,,3.5,FUL(H) BRE(A) ARS(H) MCI(A),0,0,2,1120.0,1090.0,100.0
6,Saliba,DEF,1,6.0,AVL,0,0.5162454594739021,⚠ doubtful/injured,3.5,AVL(A) CHE(H) SUN(A) BHA(A),0,0,4,1250.0,1210.0,0.0
499,Pedro Porro,DEF,19,5.5,NEW,1,0.5003758777298056,,2.75,NEW(H) NFO(A) EVE(H) AVL(H),0,0,2,1110.0,1130.0,100.0
392,Aït-Nouri,DEF,15,5.5,CRY,0,0.5003758777298056,,2.75,CRY(A) COV(H) MUN(A) SUN(H),0,0,3,1170.0,1200.0,
5,J.Timber,DEF,1,6.5,AVL,0,0.4994068955082331,⚠ doubtful/injured,3.5,AVL(A) CHE(H) SUN(A) BHA(A),0,0,4,1250.0,1210.0,0.0
581,Diomande,DEF,18,5.5,LIV,0,0.4946607550633039,,3.25,LIV(A) TOT(H) AVL(A) COV(H),0,0,4,1300.0,1200.0,
493,Kalimuendo,FWD,18,5.5,LIV,0,0.4914355646970294,,3.25,LIV(A) TOT(H) AVL(A) COV(H),1,1,4,1300.0,1200.0,
152,Palestra,DEF,6,5.5,BHA,1,0.4838075860601227,⚠ doubtful/injured,3.0,BHA(H) ARS(A) HUL(H) BRE(A),0,0,2,1200.0,1140.0,75.0
143,Chalobah,DEF,6,5.5,BHA,1,0.4838075860601227,⚠ doubtful/injured,3.0,BHA(H) ARS(A) HUL(H) BRE(A),0,0,2,1200.0,1140.0,0.0
597,Suzuki,GKP,2,5.0,ARS,1,0.4194618839757872,,3.0,ARS(H) HUL(A) NFO(H) TOT(A),0,0,4,1270.0,1340.0,
28,Martinez,GKP,2,5.0,ARS,1,0.4194618839757872,,3.0,ARS(H) HUL(A) NFO(H) TOT(A),0,0,4,1270.0,1340.0,
2,Arrizabalaga,GKP,1,5.0,AVL,0,0.40586909554136685,,3.5,AVL(A) CHE(H) SUN(A) BHA(A),0,0,4,1250.0,1210.0,
3,Meslier,GKP,1,5.0,AVL,0,0.40586909554136685,,3.5,AVL(A) CHE(H) SUN(A) BHA(A),0,0,4,1250.0,1210.0,
227,Travers,GKP,9,5.0,BOU,0,0.40586909554136685,,3.0,BOU(A) MUN(H) TOT(A) IPS(H),0,0,3,1240.0,1230.0,
351,Mamardashvili,GKP,14,5.0,NFO,1,0.40586909554136685,,2.5,NFO(H) IPS(A) FUL(H) BOU(A),0,0,3,1120.0,1130.0,
587,Rulli,GKP,15,5.0,CRY,0,0.40586909554136685,,2.75,CRY(A) COV(H) MUN(A) SUN(H),0,0,3,1170.0,1200.0,
141,Jörgensen,GKP,6,5.0,BHA,1,0.40586909554136685,⚠ doubtful/injured,3.0,BHA(H) ARS(A) HUL(H) BRE(A),0,0,2,1200.0,1140.0,0.0
442,Pope,GKP,17,5.0,TOT,0,0.40586909554136685,,2.75,TOT(A) BOU(H) LEE(A) HUL(H),0,0,3,1150.0,1090.0,
420,Yoro,DEF,16,5.0,IPS,1,0.3111039715484132,,3.0,IPS(H) EVE(A) MCI(H) FUL(A),0,0,2,,,
416,De Ligt,DEF,16,5.0,IPS,1,0.3111039715484132,⚠ doubtful/injured,3.0,IPS(H) EVE(A) MCI(H) FUL(A),0,0,2,,,0.0
419,Martinez,DEF,16,5.0,IPS,1,0.3111039715484132,,3.0,IPS(H) EVE(A) MCI(H) FUL(A),0,0,2,,,100.0
431,Amad,MID,16,5.9,IPS,1,0.2645782108271873,⚠ doubtful/injured,3.0,IPS(H) EVE(A) MCI(H) FUL(A),0,0,2,,,75.0
430,Mount,MID,16,5.5,IPS,1,0.2645782108271873,⚠ doubtful/injured,3.0,IPS(H) EVE(A) MCI(H) FUL(A),0,0,2,,,75.0
186,Mason-Clark,MID,7,5.5,HUL,1,0.2645782108271873,,3.0,HUL(H) MCI(A) BHA(H) NFO(A),0,0,2,,,100.0
62,Diakité,DEF,3,5.0,EVE,1,0.2613064774416235,,3.25,EVE(H) NEW(A) BRE(H) LIV(H),0,0,3,1140.0,1130.0,
503,Van de Ven,DEF,19,5.0,NEW,1,0.2613064774416235,,2.75,NEW(H) NFO(A) EVE(H) AVL(H),0,0,2,1110.0,1130.0,100.0
359,Gomez,DEF,14,5.0,NFO,1,0.2613064774416235,⚠ doubtful/injured,2.5,NFO(H) IPS(A) FUL(H) BOU(A),0,0,3,1120.0,1130.0,0.0
501,Danso,DEF,19,5.0,NEW,1,0.2613064774416235,,2.75,NEW(H) NFO(A) EVE(H) AVL(H),0,0,2,1110.0,1130.0,
500,Romero,DEF,19,5.0,NEW,1,0.2613064774416235,⚠ doubtful/injured,2.75,NEW(H) NFO(A) EVE(H) AVL(H),0,0,2,1110.0,1130.0,0.0
450,Livramento,DEF,17,5.0,TOT,0,0.2613064774416235,⚠ doubtful/injured,2.75,TOT(A) BOU(H) LEE(A) HUL(H),0,0,3,1150.0,1090.0,0.0
364,Tsimikas,DEF,14,5.0,NFO,1,0.2613064774416235,,2.5,NFO(H) IPS(A) FUL(H) BOU(A),0,0,3,1120.0,1130.0,
448,Burn,DEF,17,5.0,TOT,0,0.2613064774416235,⚠ doubtful/injured,2.75,TOT(A) BOU(H) LEE(A) HUL(H),0,0,3,1150.0,1090.0,0.0
360,Bradley,DEF,14,5.0,NFO,1,0.2613064774416235,⚠ doubtful/injured,2.5,NFO(H) IPS(A) FUL(H) BOU(A),0,0,3,1120.0,1130.0,0.0
394,Alleyne,DEF,15,5.0,CRY,0,0.2613064774416235,⚠ doubtful/injured,2.75,CRY(A) COV(H) MUN(A) SUN(H),0,0,3,1170.0,1200.0,0.0
63,Milosavljević,DEF,3,5.0,EVE,1,0.2613064774416235,⚠ doubtful/injured,3.25,EVE(H) NEW(A) BRE(H) LIV(H),0,0,3,1140.0,1130.0,0.0
253,Andersen,DEF,10,5.0,SUN,0,0.2613064774416235,,3.5,SUN(A) CRY(H) LIV(A) MUN(H),0,0,3,1130.0,1170.0,100.0
470,Morato,DEF,18,5.0,LIV,0,0.25559135477512207,,3.25,LIV(A) TOT(H) AVL(A) COV(H),0,0,4,1300.0,1200.0,
145,Fofana,DEF,6,5.0,BHA,1,0.24473818577194076,,3.0,BHA(H) ARS(A) HUL(H) BRE(A),0,0,2,1200.0,1140.0,100.0
328,Struijk,DEF,5,5.0,CHE,0,0.24473818577194076,,3.0,CHE(A) LEE(H) COV(A) ARS(H),0,0,4,1250.0,1140.0,100.0
232,O'Brien,DEF,9,5.0,BOU,0,0.24473818577194076,,3.0,BOU(A) MUN(H) TOT(A) IPS(H),0,0,3,1240.0,1230.0,
231,Keane,DEF,9,5.0,BOU,0,0.24473818577194076,,3.0,BOU(A) MUN(H) TOT(A) IPS(H),0,0,3,1240.0,1230.0,
120,Svoboda,DEF,5,5.0,CHE,0,0.24473818577194076,,3.0,CHE(A) LEE(H) COV(A) ARS(H),0,0,4,1250.0,1140.0,
85,Van den Berg,DEF,4,5.0,LEE,0,0.24473818577194076,⚠ doubtful/injured,3.0,LEE(A) SUN(H) BOU(A) CHE(H),0,0,3,1250.0,1160.0,0.0
512,Kudus,MID,19,6.5,NEW,1,0.19902819647597392,⚠ doubtful/injured,2.75,NEW(H) NFO(A) EVE(H) AVL(H),0,0,2,1110.0,1130.0,50.0
78,Kroupi.Jr,MID,3,7.5,EVE,1,0.19902819647597392,⚠ doubtful/injured,3.25,EVE(H) NEW(A) BRE(H) LIV(H),0,0,3,1140.0,1130.0,0.0
403,Sávio,MID,19,6.5,NEW,1,0.19902819647597392,,2.75,NEW(H) NFO(A) EVE(H) AVL(H),0,0,2,1110.0,1130.0,
521,Kulusevski,MID,19,6.5,NEW,1,0.19902819647597392,⚠ doubtful/injured,2.75,NEW(H) NFO(A) EVE(H) AVL(H),0,0,2,1110.0,1130.0,0.0
373,C.Jones,MID,14,5.5,NFO,1,0.19211944342180703,⚠ doubtful/injured,2.5,NFO(H) IPS(A) FUL(H) BOU(A),0,0,3,1120.0,1130.0,75.0
383,Elliott,MID,14,5.5,NFO,1,0.19211944342180703,,2.5,NFO(H) IPS(A) FUL(H) BOU(A),0,0,3,1120.0,1130.0,
461,Touré,MID,17,6.0,TOT,0,0.19211944342180703,,2.75,TOT(A) BOU(H) LEE(A) HUL(H),0,0,3,1150.0,1090.0,
370,Chiesa,MID,14,5.5,NFO,1,0.19211944342180703,⚠ doubtful/injured,2.5,NFO(H) IPS(A) FUL(H) BOU(A),0,0,3,1120.0,1130.0,0.0
517,Odobert,MID,19,5.5,NEW,1,0.19211944342180703,⚠ doubtful/injured,2.75,NEW(H) NFO(A) EVE(H) AVL(H),0,0,2,1110.0,1130.0,0.0
513,Xavi,MID,19,6.0,NEW,1,0.19211944342180703,⚠ doubtful/injured,2.75,NEW(H) NFO(A) EVE(H) AVL(H),0,0,2,1110.0,1130.0,0.0
458,Joelinton,MID,17,5.5,TOT,0,0.19211944342180703,⚠ doubtful/injured,2.75,TOT(A) BOU(H) LEE(A) HUL(H),0,0,3,1150.0,1090.0,0.0
402,Rodrigo,MID,15,6.5,CRY,0,0.19166657771051573,⚠ doubtful/injured,2.75,CRY(A) COV(H) MUN(A) SUN(H),0,0,3,1170.0,1200.0,0.0
400,Doku,MID,15,7.5,CRY,0,0.19166657771051573,⚠ doubtful/injured,2.75,CRY(A) COV(H) MUN(A) SUN(H),0,0,3,1170.0,1200.0,0.0
578,Mudryk,MID,6,5.5,BHA,1,0.18732713591677022,,3.0,BHA(H) ARS(A) HUL(H) BRE(A),0,0,2,1200.0,1140.0,
568,Barco,MID,6,5.5,BHA,1,0.18732713591677022,,3.0,BHA(H) ARS(A) HUL(H) BRE(A),0,0,2,1200.0,1140.0,
159,Caicedo,MID,6,5.5,BHA,1,0.18732713591677022,⚠ doubtful/injured,3.0,BHA(H) ARS(A) HUL(H) BRE(A),0,0,2,1200.0,1140.0,75.0
158,Gittens,MID,6,6.0,BHA,1,0.18732713591677022,,3.0,BHA(H) ARS(A) HUL(H) BRE(A),0,0,2,1200.0,1140.0,
18,Martinelli,MID,1,6.4,AVL,0,0.18556686753454069,,3.5,AVL(A) CHE(H) SUN(A) BHA(A),0,0,4,1250.0,1210.0,
452,Bruno G.,MID,1,7.0,AVL,0,0.18556686753454069,⚠ doubtful/injured,3.5,AVL(A) CHE(H) SUN(A) BHA(A),0,0,4,1250.0,1210.0,75.0
405,N.Gonzalez,MID,15,5.5,CRY,0,0.18475782465634885,,2.75,CRY(A) COV(H) MUN(A) SUN(H),0,0,3,1170.0,1200.0,
404,Reijnders,MID,15,6.0,CRY,0,0.18475782465634885,⚠ doubtful/injured,2.75,CRY(A) COV(H) MUN(A) SUN(H),0,0,3,1170.0,1200.0,0.0
262,Smith Rowe,MID,10,5.5,SUN,0,0.18475782465634885,,3.5,SUN(A) CRY(H) LIV(A) MUN(H),0,0,3,1130.0,1170.0,
121,Mitoma,MID,5,6.0,CHE,0,0.18122742574079517,⚠ doubtful/injured,3.0,CHE(A) LEE(H) COV(A) ARS(H),0,0,4,1250.0,1140.0,0.0
122,Minteh,MID,5,6.0,CHE,0,0.18122742574079517,⚠ doubtful/injured,3.0,CHE(A) LEE(H) COV(A) ARS(H),0,0,4,1250.0,1140.0,0.0
126,O'Riley,MID,5,5.5,CHE,0,0.18122742574079517,,3.0,CHE(A) LEE(H) COV(A) ARS(H),0,0,4,1250.0,1140.0,
245,Dibling,MID,9,5.5,BOU,0,0.1786581144803738,,3.0,BOU(A) MUN(H) TOT(A) IPS(H),0,0,3,1240.0,1230.0,
23,Fábio Vieira,MID,1,5.5,AVL,0,0.1786581144803738,,3.5,AVL(A) CHE(H) SUN(A) BHA(A),0,0,4,1250.0,1210.0,
24,Nelson,MID,1,5.5,AVL,0,0.1786581144803738,,3.5,AVL(A) CHE(H) SUN(A) BHA(A),0,0,4,1250.0,1210.0,
22,Nwaneri,MID,1,5.5,AVL,0,0.1786581144803738,,3.5,AVL(A) CHE(H) SUN(A) BHA(A),0,0,4,1250.0,1210.0,
20,Dowman,MID,1,5.4,AVL,0,0.1786581144803738,,3.5,AVL(A) CHE(H) SUN(A) BHA(A),0,0,4,1250.0,1210.0,
208,Sarr,MID,8,6.5,MCI,1,0.16671638847398243,⚠ doubtful/injured,3.0,MCI(H) FUL(A) IPS(H) LEE(A),0,0,4,1310.0,1220.0,0.0
318,Philogene,MID,12,5.5,MUN,0,0.15980763541981555,⚠ doubtful/injured,3.5,MUN(A) LIV(H) CRY(A) EVE(A),0,0,4,1310.0,1190.0,0.0
482,Hudson-Odoi,MID,18,6.0,LIV,0,0.15980763541981555,,3.25,LIV(A) TOT(H) AVL(A) COV(H),0,0,4,1300.0,1200.0,100.0
485,Bakwa,MID,18,5.5,LIV,0,0.15980763541981555,⚠ doubtful/injured,3.25,LIV(A) TOT(H) AVL(A) COV(H),0,0,4,1300.0,1200.0,0.0
484,Hutchinson,MID,18,5.5,LIV,0,0.15980763541981555,,3.25,LIV(A) TOT(H) AVL(A) COV(H),0,0,4,1300.0,1200.0,
44,Bailey,MID,2,5.5,ARS,1,0.15611579491215127,,3.0,ARS(H) HUL(A) NFO(H) TOT(A),0,0,4,1270.0,1340.0,
53,Manzambi,MID,2,6.0,ARS,1,0.15611579491215127,⚠ doubtful/injured,3.0,ARS(H) HUL(A) NFO(H) TOT(A),0,0,4,1270.0,1340.0,0.0
598,Elvedi,DEF,13,4.5,BRE,1,0.14347827745350528,,2.75,BRE(H) BHA(A) NEW(H) CRY(H),0,0,3,1150.0,1120.0,
333,Bornauw,DEF,13,4.5,BRE,1,0.14347827745350528,⚠ doubtful/injured,2.75,BRE(H) BHA(A) NEW(H) CRY(H),0,0,3,1150.0,1120.0,0.0
65,J.Araujo,DEF,3,4.5,EVE,1,0.14347827745350528,⚠ doubtful/injured,3.25,EVE(H) NEW(A) BRE(H) LIV(H),0,0,3,1140.0,1130.0,0.0
396,Vitor Reis,DEF,15,4.5,CRY,0,0.14347827745350528,,2.75,CRY(A) COV(H) MUN(A) SUN(H),0,0,3,1170.0,1200.0,
331,Gudmundsson,DEF,13,4.5,BRE,1,0.14347827745350528,⚠ doubtful/injured,2.75,BRE(H) BHA(A) NEW(H) CRY(H),0,0,3,1150.0,1120.0,0.0
507,Phillips,DEF,19,4.5,NEW,1,0.14347827745350528,⚠ doubtful/injured,2.75,NEW(H) NFO(A) EVE(H) AVL(H),0,0,2,1110.0,1130.0,0.0
537,Seelt,DEF,20,4.5,FUL,1,0.14347827745350528,,3.5,FUL(H) BRE(A) ARS(H) MCI(A),0,0,2,1120.0,1090.0,
505,Spence,DEF,19,4.5,NEW,1,0.14347827745350528,⚠ doubtful/injured,2.75,NEW(H) NFO(A) EVE(H) AVL(H),0,0,2,1110.0,1130.0,0.0
573,Sanchez,DEF,3,4.5,EVE,1,0.14347827745350528,,3.25,EVE(H) NEW(A) BRE(H) LIV(H),0,0,3,1140.0,1130.0,
256,Tete,DEF,10,4.5,SUN,0,0.14347827745350528,,3.5,SUN(A) CRY(H) LIV(A) MUN(H),0,0,3,1130.0,1170.0,
380,Ekitiké,FWD,14,7.5,NFO,1,0.14223935770105828,⚠ doubtful/injured,2.5,NFO(H) IPS(A) FUL(H) BOU(A),0,0,3,1120.0,1130.0,0.0
433,Ugarte,MID,16,5.0,IPS,1,0.13308596525487126,⚠ doubtful/injured,3.0,IPS(H) EVE(A) MCI(H) FUL(A),0,0,2,,,0.0
436,Collyer,MID,16,5.0,IPS,1,0.13308596525487126,,3.0,IPS(H) EVE(A) MCI(H) FUL(A),0,0,2,,,
563,Morita,MID,11,5.0,COV,0,0.13308596525487126,,3.0,COV(A) AVL(H) CHE(A) NEW(A),0,0,2,,,100.0
131,Baleba,MID,16,5.0,IPS,1,0.13308596525487126,⚠ doubtful/injured,3.0,IPS(H) EVE(A) MCI(H) FUL(A),0,0,2,,,0.0
292,Ömür,MID,11,5.0,COV,0,0.13308596525487126,,3.0,COV(A) AVL(H) CHE(A) NEW(A),0,0,2,,,
293,Kamara,MID,11,5.0,COV,0,0.13308596525487126,⚠ doubtful/injured,3.0,COV(A) AVL(H) CHE(A) NEW(A),0,0,2,,,0.0
589,Gourna-Douath,MID,11,5.0,COV,0,0.13308596525487126,,3.0,COV(A) AVL(H) CHE(A) NEW(A),0,0,2,,,
574,Hjertø-Dahl,MID,11,5.0,COV,0,0.13308596525487126,,3.0,COV(A) AVL(H) CHE(A) NEW(A),0,0,2,,,
340,Gelhardt,MID,11,5.0,COV,0,0.13308596525487126,⚠ doubtful/injured,3.0,COV(A) AVL(H) CHE(A) NEW(A),0,0,2,,,0.0
296,Akintola,MID,11,5.0,COV,0,0.13308596525487126,,3.0,COV(A) AVL(H) CHE(A) NEW(A),0,0,2,,,
434,J.Fletcher,MID,16,5.0,IPS,1,0.13308596525487126,,3.0,IPS(H) EVE(A) MCI(H) FUL(A),0,0,2,,,
187,Eccles,MID,7,5.0,HUL,1,0.13308596525487126,,3.0,HUL(H) MCI(A) BHA(H) NFO(A),0,0,2,,,
185,Sakamoto,MID,7,5.0,HUL,1,0.13308596525487126,,3.0,HUL(H) MCI(A) BHA(H) NFO(A),0,0,2,,,
146,B.Badiashile,DEF,6,4.5,BHA,1,0.1269099857838226,⚠ doubtful/injured,3.0,BHA(H) ARS(A) HUL(H) BRE(A),0,0,2,1200.0,1140.0,0.0
31,Konsa,DEF,1,4.5,AVL,0,0.1269099857838226,,3.5,AVL(A) CHE(H) SUN(A) BHA(A),0,0,4,1250.0,1210.0,
92,Ji-soo,DEF,4,4.5,LEE,0,0.1269099857838226,,3.0,LEE(A) SUN(H) BOU(A) CHE(H),0,0,3,1250.0,1160.0,
113,F.Kadıoğlu,DEF,5,4.5,CHE,0,0.1269099857838226,,3.0,CHE(A) LEE(H) COV(A) ARS(H),0,0,4,1250.0,1140.0,100.0
30,Digne,DEF,2,4.5,ARS,1,0.1269099857838226,⚠ doubtful/injured,3.0,ARS(H) HUL(A) NFO(H) TOT(A),0,0,4,1270.0,1340.0,0.0
93,Schuster,DEF,4,4.5,LEE,0,0.1269099857838226,,3.0,LEE(A) SUN(H) BOU(A) CHE(H),0,0,3,1250.0,1160.0,
117,Coppola,DEF,5,4.5,CHE,0,0.1269099857838226,,3.0,CHE(A) LEE(H) COV(A) ARS(H),0,0,4,1250.0,1140.0,
205,Sosa,DEF,8,4.5,MCI,1,0.1269099857838226,,3.0,MCI(H) FUL(A) IPS(H) LEE(A),0,0,4,1310.0,1220.0,
234,Patterson,DEF,9,4.5,BOU,0,0.1269099857838226,,3.0,BOU(A) MUN(H) TOT(A) IPS(H),0,0,3,1240.0,1230.0,
207,Mingueza,DEF,8,4.5,MCI,1,0.1269099857838226,,3.0,MCI(H) FUL(A) IPS(H) LEE(A),0,0,4,1310.0,1220.0,
147,Tosin,DEF,6,4.5,BHA,1,0.1269099857838226,,3.0,BHA(H) ARS(A) HUL(H) BRE(A),0,0,2,1200.0,1140.0,
475,Savona,DEF,18,4.5,LIV,0,0.1269099857838226,⚠ doubtful/injured,3.25,LIV(A) TOT(H) AVL(A) COV(H),0,0,4,1300.0,1200.0,0.0
91,Pinnock,DEF,4,4.5,LEE,0,0.1269099857838226,,3.0,LEE(A) SUN(H) BOU(A) CHE(H),0,0,3,1250.0,1160.0,
89,Henry,DEF,4,4.5,LEE,0,0.1269099857838226,,3.0,LEE(A) SUN(H) BOU(A) CHE(H),0,0,3,1250.0,1160.0,
220,Cardines,DEF,8,4.5,MCI,1,0.1269099857838226,⚠ doubtful/injured,3.0,MCI(H) FUL(A) IPS(H) LEE(A),0,0,4,1310.0,1220.0,0.0
118,Igor,DEF,5,4.5,CHE,0,0.1269099857838226,,3.0,CHE(A) LEE(H) COV(A) ARS(H),0,0,4,1250.0,1140.0,
561,Anselmino,DEF,6,4.5,BHA,1,0.1269099857838226,,3.0,BHA(H) ARS(A) HUL(H) BRE(A),0,0,2,1200.0,1140.0,100.0
153,Disasi,DEF,6,4.5,BHA,1,0.1269099857838226,,3.0,BHA(H) ARS(A) HUL(H) BRE(A),0,0,2,1200.0,1140.0,
150,M.Sarr,DEF,6,4.5,BHA,1,0.1269099857838226,,3.0,BHA(H) ARS(A) HUL(H) BRE(A),0,0,2,1200.0,1140.0,
55,Watkins,FWD,2,7.9,ARS,1,0.10952648804676952,,3.0,ARS(H) HUL(A) NFO(H) TOT(A),0,0,4,1270.0,1340.0,
25,Gyökeres,FWD,1,7.4,AVL,0,0.10902890719744789,,3.5,AVL(A) CHE(H) SUN(A) BHA(A),0,0,4,1250.0,1210.0,
77,Adli,MID,3,5.0,EVE,1,0.09869154781899095,⚠ doubtful/injured,3.25,EVE(H) NEW(A) BRE(H) LIV(H),0,0,3,1140.0,1130.0,0.0
376,Bajcetic,MID,14,5.0,NFO,1,0.09869154781899095,⚠ doubtful/injured,2.5,NFO(H) IPS(A) FUL(H) BOU(A),0,0,3,1120.0,1130.0,0.0
344,Gruev,MID,13,5.0,BRE,1,0.09869154781899095,⚠ doubtful/injured,2.75,BRE(H) BHA(A) NEW(H) CRY(H),0,0,3,1150.0,1120.0,0.0
375,Nyoni,MID,14,5.0,NFO,1,0.09869154781899095,,2.5,NFO(H) IPS(A) FUL(H) BOU(A),0,0,3,1120.0,1130.0,
345,Tanaka,MID,13,5.0,BRE,1,0.09869154781899095,,2.75,BRE(H) BHA(A) NEW(H) CRY(H),0,0,3,1150.0,1120.0,
546,Adingra,MID,20,5.0,FUL,1,0.09869154781899095,⚠ doubtful/injured,3.5,FUL(H) BRE(A) ARS(H) MCI(A),0,0,2,1120.0,1090.0,0.0
547,Mundle,MID,20,5.0,FUL,1,0.09869154781899095,,3.5,FUL(H) BRE(A) ARS(H) MCI(A),0,0,2,1120.0,1090.0,
374,Endo,MID,14,5.0,NFO,1,0.09869154781899095,,2.5,NFO(H) IPS(A) FUL(H) BOU(A),0,0,3,1120.0,1130.0,100.0
550,Jocelin.T,MID,20,5.0,FUL,1,0.09869154781899095,,3.5,FUL(H) BRE(A) ARS(H) MCI(A),0,0,2,1120.0,1090.0,
518,P.M.Sarr,MID,19,5.0,NEW,1,0.09869154781899095,⚠ doubtful/injured,2.75,NEW(H) NFO(A) EVE(H) AVL(H),0,0,2,1110.0,1130.0,0.0
342,Harrison,MID,13,5.0,BRE,1,0.09869154781899095,⚠ doubtful/injured,2.75,BRE(H) BHA(A) NEW(H) CRY(H),0,0,3,1150.0,1120.0,0.0
101,Henderson,MID,6,5.0,BHA,1,0.09869154781899095,⚠ doubtful/injured,3.0,BHA(H) ARS(A) HUL(H) BRE(A),0,0,2,1200.0,1140.0,75.0
100,Carvalho,MID,4,5.0,LEE,0,0.09869154781899095,,3.0,LEE(A) SUN(H) BOU(A) CHE(H),0,0,3,1250.0,1160.0,100.0
128,Buonanotte,MID,5,5.0,CHE,0,0.09869154781899095,⚠ doubtful/injured,3.0,CHE(A) LEE(H) COV(A) ARS(H),0,0,4,1250.0,1140.0,0.0
75,Christie,MID,3,5.0,EVE,1,0.09869154781899095,,3.25,EVE(H) NEW(A) BRE(H) LIV(H),0,0,3,1140.0,1130.0,100.0
103,Dasilva,MID,4,5.0,LEE,0,0.09869154781899095,,3.0,LEE(A) SUN(H) BOU(A) CHE(H),0,0,3,1250.0,1160.0,
341,Gnonto,MID,13,5.0,BRE,1,0.09869154781899095,⚠ doubtful/injured,2.75,BRE(H) BHA(A) NEW(H) CRY(H),0,0,3,1150.0,1120.0,0.0
99,Milambo,MID,4,5.0,LEE,0,0.09869154781899095,⚠ doubtful/injured,3.0,LEE(A) SUN(H) BOU(A) CHE(H),0,0,3,1250.0,1160.0,0.0
133,Watson,MID,5,5.0,CHE,0,0.09869154781899095,⚠ doubtful/injured,3.0,CHE(A) LEE(H) COV(A) ARS(H),0,0,4,1250.0,1140.0,0.0
74,Brooks,MID,3,5.0,EVE,1,0.09869154781899095,,3.25,EVE(H) NEW(A) BRE(H) LIV(H),0,0,3,1140.0,1130.0,100.0
343,James,MID,13,5.0,BRE,1,0.09869154781899095,,2.75,BRE(H) BHA(A) NEW(H) CRY(H),0,0,3,1150.0,1120.0,
407,Echeverri,MID,15,5.0,CRY,0,0.09612223655856958,,2.75,CRY(A) COV(H) MUN(A) SUN(H),0,0,3,1170.0,1200.0,
266,Cairney,MID,10,5.0,SUN,0,0.09612223655856958,⚠ doubtful/injured,3.5,SUN(A) CRY(H) LIV(A) MUN(H),0,0,3,1130.0,1170.0,0.0
21,Nørgaard,MID,9,5.0,BOU,0,0.09612223655856958,⚠ doubtful/injured,3.0,BOU(A) MUN(H) TOT(A) IPS(H),0,0,3,1240.0,1230.0,0.0
240,Iroegbunam,MID,9,5.0,BOU,0,0.09612223655856958,⚠ doubtful/injured,3.0,BOU(A) MUN(H) TOT(A) IPS(H),0,0,3,1240.0,1230.0,0.0
408,Phillips,MID,15,5.0,CRY,0,0.09612223655856958,⚠ doubtful/injured,2.75,CRY(A) COV(H) MUN(A) SUN(H),0,0,3,1170.0,1200.0,0.0
410,Monga,MID,15,5.0,CRY,0,0.09612223655856958,,2.75,CRY(A) COV(H) MUN(A) SUN(H),0,0,3,1170.0,1200.0,
218,Doucouré,MID,8,5.0,MCI,1,0.08508394678551062,,3.0,MCI(H) FUL(A) IPS(H) LEE(A),0,0,4,1310.0,1220.0,
216,Esse,MID,8,5.0,MCI,1,0.08508394678551062,,3.0,MCI(H) FUL(A) IPS(H) LEE(A),0,0,4,1310.0,1220.0,
487,Dominguez,MID,18,5.0,LIV,0,0.08508394678551062,,3.25,LIV(A) TOT(H) AVL(A) COV(H),0,0,4,1300.0,1200.0,
213,Lerma,MID,8,5.0,MCI,1,0.08508394678551062,,3.0,MCI(H) FUL(A) IPS(H) LEE(A),0,0,4,1310.0,1220.0,
219,J.Rak-Sakyi,MID,8,5.0,MCI,1,0.08508394678551062,,3.0,MCI(H) FUL(A) IPS(H) LEE(A),0,0,4,1310.0,1220.0,
311,Burns,MID,12,5.0,MUN,0,0.08508394678551062,⚠ doubtful/injured,3.5,MUN(A) LIV(H) CRY(A) EVE(A),0,0,4,1310.0,1190.0,0.0
314,Ogbene,MID,12,5.0,MUN,0,0.08508394678551062,,3.5,MUN(A) LIV(H) CRY(A) EVE(A),0,0,4,1310.0,1190.0,
324,Mehmeti,MID,12,5.0,MUN,0,0.08508394678551062,,3.5,MUN(A) LIV(H) CRY(A) EVE(A),0,0,4,1310.0,1190.0,
571,Florentino,MID,12,5.0,MUN,0,0.08508394678551062,⚠ doubtful/injured,3.5,MUN(A) LIV(H) CRY(A) EVE(A),0,0,4,1310.0,1190.0,75.0
310,Matusiwa,MID,12,5.0,MUN,0,0.08508394678551062,⚠ doubtful/injured,3.5,MUN(A) LIV(H) CRY(A) EVE(A),0,0,4,1310.0,1190.0,0.0
319,Szmodics,MID,12,5.0,MUN,0,0.08508394678551062,⚠ doubtful/injured,3.5,MUN(A) LIV(H) CRY(A) EVE(A),0,0,4,1310.0,1190.0,0.0
217,M.França,MID,8,5.0,MCI,1,0.08508394678551062,,3.0,MCI(H) FUL(A) IPS(H) LEE(A),0,0,4,1310.0,1220.0,
215,Devenny,MID,8,5.0,MCI,1,0.08508394678551062,,3.0,MCI(H) FUL(A) IPS(H) LEE(A),0,0,4,1310.0,1220.0,
595,Gozo,MID,8,5.0,MCI,1,0.08508394678551062,,3.0,MCI(H) FUL(A) IPS(H) LEE(A),0,0,4,1310.0,1220.0,
283,Jacob,DEF,11,4.0,COV,0,0.08256506615049398,⚠ doubtful/injured,3.0,COV(A) AVL(H) CHE(A) NEW(A),0,0,2,,,0.0
425,Fredricson,DEF,16,4.0,IPS,1,0.08256506615049398,⚠ doubtful/injured,3.0,IPS(H) EVE(A) MCI(H) FUL(A),0,0,2,,,0.0
424,Amass,DEF,16,4.0,IPS,1,0.08256506615049398,,3.0,IPS(H) EVE(A) MCI(H) FUL(A),0,0,2,,,
278,Hughes,DEF,11,4.0,COV,0,0.08256506615049398,⚠ doubtful/injured,3.0,COV(A) AVL(H) CHE(A) NEW(A),0,0,2,,,0.0
284,McCarthy,DEF,11,4.0,COV,0,0.08256506615049398,,3.0,COV(A) AVL(H) CHE(A) NEW(A),0,0,2,,,
177,Kesler-Hayden,DEF,7,4.0,HUL,1,0.08256506615049398,⚠ doubtful/injured,3.0,HUL(H) MCI(A) BHA(H) NFO(A),0,0,2,,,0.0
178,Bidwell,DEF,7,4.0,HUL,1,0.08256506615049398,,3.0,HUL(H) MCI(A) BHA(H) NFO(A),0,0,2,,,
179,Latibeaudiere,DEF,7,4.0,HUL,1,0.08256506615049398,,3.0,HUL(H) MCI(A) BHA(H) NFO(A),0,0,2,,,
174,Kitching,DEF,7,4.0,HUL,1,0.08256506615049398,,3.0,HUL(H) MCI(A) BHA(H) NFO(A),0,0,2,,,
180,Woolfenden,DEF,7,4.0,HUL,1,0.08256506615049398,⚠ doubtful/injured,3.0,HUL(H) MCI(A) BHA(H) NFO(A),0,0,2,,,0.0
181,Brau,DEF,7,4.0,HUL,1,0.08256506615049398,,3.0,HUL(H) MCI(A) BHA(H) NFO(A),0,0,2,,,
401,Marmoush,FWD,15,7.0,CRY,0,0.0802998938349474,,2.75,CRY(A) COV(H) MUN(A) SUN(H),0,0,3,1170.0,1200.0,
191,Borges Rodrigues,MID,7,4.5,HUL,1,0.07449106808221909,,3.0,HUL(H) MCI(A) BHA(H) NFO(A),0,0,2,,,
297,Gyabi,MID,11,4.5,COV,0,0.07449106808221909,⚠ doubtful/injured,3.0,COV(A) AVL(H) CHE(A) NEW(A),0,0,2,,,0.0
291,Matazo,MID,11,4.5,COV,0,0.07449106808221909,⚠ doubtful/injured,3.0,COV(A) AVL(H) CHE(A) NEW(A),0,0,2,,,0.0
294,Zambrano,MID,11,4.5,COV,0,0.07449106808221909,⚠ doubtful/injured,3.0,COV(A) AVL(H) CHE(A) NEW(A),0,0,2,,,0.0
288,Dowell,MID,11,4.5,COV,0,0.07449106808221909,,3.0,COV(A) AVL(H) CHE(A) NEW(A),0,0,2,,,
189,Shepherd,MID,7,4.5,HUL,1,0.07449106808221909,,3.0,HUL(H) MCI(A) BHA(H) NFO(A),0,0,2,,,
192,Andrews,MID,7,4.5,HUL,1,0.07449106808221909,,3.0,HUL(H) MCI(A) BHA(H) NFO(A),0,0,2,,,
437,Bendito Mantato,MID,16,4.5,IPS,1,0.07449106808221909,,3.0,IPS(H) EVE(A) MCI(H) FUL(A),0,0,2,,,
438,Fletcher,MID,16,4.5,IPS,1,0.07449106808221909,,3.0,IPS(H) EVE(A) MCI(H) FUL(A),0,0,2,,,
49,Iling Jr,MID,2,5.0,ARS,1,0.07357991699034713,⚠ doubtful/injured,3.0,ARS(H) HUL(A) NFO(H) TOT(A),0,0,4,1270.0,1340.0,0.0
48,Onana,MID,2,5.0,ARS,1,0.07357991699034713,⚠ doubtful/injured,3.0,ARS(H) HUL(A) NFO(H) TOT(A),0,0,4,1270.0,1340.0,0.0
298,Destan,FWD,11,4.5,COV,0,0.06768176427244459,⚠ doubtful/injured,3.0,COV(A) AVL(H) CHE(A) NEW(A),0,0,2,,,0.0
299,Burstow,FWD,11,4.5,COV,0,0.06768176427244459,⚠ doubtful/injured,3.0,COV(A) AVL(H) CHE(A) NEW(A),0,0,2,,,0.0
599,Cherif,FWD,7,5.0,HUL,1,0.06768176427244459,,3.0,HUL(H) MCI(A) BHA(H) NFO(A),0,0,2,,,
197,Bassette,FWD,7,4.5,HUL,1,0.06768176427244459,⚠ doubtful/injured,3.0,HUL(H) MCI(A) BHA(H) NFO(A),0,0,2,,,0.0
466,Neave,FWD,17,4.5,TOT,0,0.06768176427244459,,2.75,TOT(A) BOU(H) LEE(A) HUL(H),0,0,3,1150.0,1090.0,
193,Wright,FWD,7,5.5,HUL,1,0.06768176427244459,⚠ doubtful/injured,3.0,HUL(H) MCI(A) BHA(H) NFO(A),0,0,2,,,0.0
196,Markelo,FWD,7,5.0,HUL,1,0.06768176427244459,⚠ doubtful/injured,3.0,HUL(H) MCI(A) BHA(H) NFO(A),0,0,2,,,0.0
440,Zirkzee,FWD,16,5.5,IPS,1,0.06768176427244459,,3.0,IPS(H) EVE(A) MCI(H) FUL(A),0,0,2,,,
441,Obi,FWD,16,4.5,IPS,1,0.06768176427244459,,3.0,IPS(H) EVE(A) MCI(H) FUL(A),0,0,2,,,
463,Woltemade,FWD,17,6.0,TOT,0,0.06768176427244459,,2.75,TOT(A) BOU(H) LEE(A) HUL(H),0,0,3,1150.0,1090.0,
272,Kusi-Asare,FWD,10,4.5,SUN,0,0.06301172123566737,,3.5,SUN(A) CRY(H) LIV(A) MUN(H),0,0,3,1130.0,1170.0,
81,Rodríguez,FWD,3,6.0,EVE,1,0.06301172123566737,,3.25,EVE(H) NEW(A) BRE(H) LIV(H),0,0,3,1140.0,1130.0,100.0
166,N.Jackson,FWD,6,6.5,BHA,1,0.06301172123566737,,3.0,BHA(H) ARS(A) HUL(H) BRE(A),0,0,2,1200.0,1140.0,
168,Marc Guiu,FWD,6,5.0,BHA,1,0.06301172123566737,,3.0,BHA(H) ARS(A) HUL(H) BRE(A),0,0,2,1200.0,1140.0,
167,Delap,FWD,6,5.5,BHA,1,0.06301172123566737,,3.0,BHA(H) ARS(A) HUL(H) BRE(A),0,0,2,1200.0,1140.0,
169,Mheuka,FWD,6,4.5,BHA,1,0.06301172123566737,,3.0,BHA(H) ARS(A) HUL(H) BRE(A),0,0,2,1200.0,1140.0,
107,Furo,FWD,4,4.5,LEE,0,0.06301172123566737,,3.0,LEE(A) SUN(H) BOU(A) CHE(H),0,0,3,1250.0,1160.0,
136,Welbeck,FWD,6,6.0,BHA,1,0.06301172123566737,,3.0,BHA(H) ARS(A) HUL(H) BRE(A),0,0,2,1200.0,1140.0,100.0
80,Enes Ünal,FWD,3,5.5,EVE,1,0.06301172123566737,⚠ doubtful/injured,3.25,EVE(H) NEW(A) BRE(H) LIV(H),0,0,3,1140.0,1130.0,0.0
382,Danns,FWD,14,4.5,NFO,1,0.06301172123566737,⚠ doubtful/injured,2.5,NFO(H) IPS(A) FUL(H) BOU(A),0,0,3,1120.0,1130.0,0.0
349,Mateo Joseph,FWD,13,4.5,BRE,1,0.06301172123566737,⚠ doubtful/injured,2.75,BRE(H) BHA(A) NEW(H) CRY(H),0,0,3,1150.0,1120.0,0.0
347,Nmecha,FWD,13,5.5,BRE,1,0.06301172123566737,,2.75,BRE(H) BHA(A) NEW(H) CRY(H),0,0,3,1150.0,1120.0,
348,Piroe,FWD,13,5.0,BRE,1,0.06301172123566737,⚠ doubtful/injured,2.75,BRE(H) BHA(A) NEW(H) CRY(H),0,0,3,1150.0,1120.0,0.0
170,Emegha,FWD,6,5.0,BHA,1,0.06301172123566737,,3.0,BHA(H) ARS(A) HUL(H) BRE(A),0,0,2,1200.0,1140.0,100.0
528,Scarlett,FWD,19,4.5,NEW,1,0.06301172123566737,,2.75,NEW(H) NFO(A) EVE(H) AVL(H),0,0,2,1110.0,1130.0,
132,Howell,MID,5,4.5,CHE,0,0.05447587688622697,⚠ doubtful/injured,3.0,CHE(A) LEE(H) COV(A) ARS(H),0,0,4,1250.0,1140.0,0.0
134,Oriola,MID,5,4.5,CHE,0,0.05447587688622697,,3.0,CHE(A) LEE(H) COV(A) ARS(H),0,0,4,1250.0,1140.0,
524,Olusesi,MID,19,4.5,NEW,1,0.05447587688622697,,2.75,NEW(H) NFO(A) EVE(H) AVL(H),0,0,2,1110.0,1130.0,
604,Cresswell,MID,13,4.5,BRE,1,0.05447587688622697,,2.75,BRE(H) BHA(A) NEW(H) CRY(H),0,0,3,1150.0,1120.0,
378,McConnell,MID,14,4.5,NFO,1,0.05447587688622697,,2.5,NFO(H) IPS(A) FUL(H) BOU(A),0,0,3,1120.0,1130.0,
601,Williams-Barnett,MID,19,4.5,NEW,1,0.05447587688622697,,2.75,NEW(H) NFO(A) EVE(H) AVL(H),0,0,2,1110.0,1130.0,
163,D.Essugo,MID,6,4.5,BHA,1,0.05447587688622697,,3.0,BHA(H) ARS(A) HUL(H) BRE(A),0,0,2,1200.0,1140.0,
139,Ferguson,FWD,5,5.0,CHE,0,0.05303991174195101,⚠ doubtful/injured,3.0,CHE(A) LEE(H) COV(A) ARS(H),0,0,4,1250.0,1140.0,0.0
594,David,FWD,5,6.0,CHE,0,0.05303991174195101,,3.0,CHE(A) LEE(H) COV(A) ARS(H),0,0,4,1250.0,1140.0,
582,Madjo,FWD,2,5.5,ARS,1,0.05303991174195101,⚠ doubtful/injured,3.0,ARS(H) HUL(A) NFO(H) TOT(A),0,0,4,1270.0,1340.0,0.0
27,G.Jesus,FWD,1,6.0,AVL,0,0.05303991174195101,,3.5,AVL(A) CHE(H) SUN(A) BHA(A),0,0,4,1250.0,1210.0,
137,Tzimas,FWD,5,5.5,CHE,0,0.05303991174195101,⚠ doubtful/injured,3.0,CHE(A) LEE(H) COV(A) ARS(H),0,0,4,1250.0,1140.0,0.0
56,Abraham,FWD,2,5.5,ARS,1,0.05303991174195101,⚠ doubtful/injured,3.0,ARS(H) HUL(A) NFO(H) TOT(A),0,0,4,1270.0,1340.0,75.0
38,A.García,DEF,2,4.0,ARS,1,0.051937299290664575,,3.0,ARS(H) HUL(A) NFO(H) TOT(A),0,0,4,1270.0,1340.0,
39,Nedeljkovic,DEF,2,4.0,ARS,1,0.051937299290664575,⚠ doubtful/injured,3.0,ARS(H) HUL(A) NFO(H) TOT(A),0,0,4,1270.0,1340.0,0.0
235,Aznou,DEF,9,4.0,BOU,0,0.051937299290664575,,3.0,BOU(A) MUN(H) TOT(A) IPS(H),0,0,3,1240.0,1230.0,
606,Rowe,DEF,2,4.0,ARS,1,0.051937299290664575,,3.0,ARS(H) HUL(A) NFO(H) TOT(A),0,0,4,1270.0,1340.0,
476,O.Richards,DEF,18,4.0,LIV,0,0.051937299290664575,,3.25,LIV(A) TOT(H) AVL(A) COV(H),0,0,4,1300.0,1200.0,
307,Johnson,DEF,12,4.0,MUN,0,0.051937299290664575,,3.5,MUN(A) LIV(H) CRY(A) EVE(A),0,0,4,1310.0,1190.0,
477,Abbott,DEF,18,4.0,LIV,0,0.051937299290664575,,3.25,LIV(A) TOT(H) AVL(A) COV(H),0,0,4,1300.0,1200.0,
479,Bindon,DEF,18,4.0,LIV,0,0.051937299290664575,,3.25,LIV(A) TOT(H) AVL(A) COV(H),0,0,4,1300.0,1200.0,
303,Kipré,DEF,12,4.0,MUN,0,0.051937299290664575,,3.5,MUN(A) LIV(H) CRY(A) EVE(A),0,0,4,1310.0,1190.0,
308,Furlong,DEF,12,4.0,MUN,0,0.051937299290664575,,3.5,MUN(A) LIV(H) CRY(A) EVE(A),0,0,4,1310.0,1190.0,
270,Reed,MID,10,4.5,SUN,0,0.051906565625805604,,3.5,SUN(A) CRY(H) LIV(A) MUN(H),0,0,3,1130.0,1170.0,
409,Mukasa,MID,15,4.5,CRY,0,0.051906565625805604,,2.75,CRY(A) COV(H) MUN(A) SUN(H),0,0,3,1170.0,1200.0,
603,Lienou,DEF,13,4.0,BRE,1,0.051837797564696766,,2.75,BRE(H) BHA(A) NEW(H) CRY(H),0,0,3,1150.0,1120.0,
363,Leoni,DEF,14,4.0,NFO,1,0.051837797564696766,⚠ doubtful/injured,2.5,NFO(H) IPS(A) FUL(H) BOU(A),0,0,3,1120.0,1130.0,0.0
66,Soler,DEF,3,4.0,EVE,1,0.051837797564696766,⚠ doubtful/injured,3.25,EVE(H) NEW(A) BRE(H) LIV(H),0,0,3,1140.0,1130.0,75.0
361,Lucky,DEF,14,4.0,NFO,1,0.051837797564696766,,2.5,NFO(H) IPS(A) FUL(H) BOU(A),0,0,3,1120.0,1130.0,
365,Ramsay,DEF,14,4.0,NFO,1,0.051837797564696766,⚠ doubtful/injured,2.5,NFO(H) IPS(A) FUL(H) BOU(A),0,0,3,1120.0,1130.0,0.0
609,Shahar,DEF,17,4.0,TOT,0,0.051837797564696766,,2.75,TOT(A) BOU(H) LEE(A) HUL(H),0,0,3,1150.0,1090.0,
511,Souza,DEF,19,4.0,NEW,1,0.051837797564696766,,2.75,NEW(H) NFO(A) EVE(H) AVL(H),0,0,2,1110.0,1130.0,
510,Rowswell,DEF,19,4.0,NEW,1,0.051837797564696766,,2.75,NEW(H) NFO(A) EVE(H) AVL(H),0,0,2,1110.0,1130.0,
509,Byfield,DEF,19,4.0,NEW,1,0.051837797564696766,,2.75,NEW(H) NFO(A) EVE(H) AVL(H),0,0,2,1110.0,1130.0,
508,Davies,DEF,19,4.0,NEW,1,0.051837797564696766,,2.75,NEW(H) NFO(A) EVE(H) AVL(H),0,0,2,1110.0,1130.0,
540,Masuaku,DEF,20,4.0,FUL,1,0.051837797564696766,⚠ doubtful/injured,3.5,FUL(H) BRE(A) ARS(H) MCI(A),0,0,2,1120.0,1090.0,0.0
538,Hjelde,DEF,20,4.0,FUL,1,0.051837797564696766,⚠ doubtful/injured,3.5,FUL(H) BRE(A) ARS(H) MCI(A),0,0,2,1120.0,1090.0,0.0
451,A.Murphy,DEF,17,4.0,TOT,0,0.051837797564696766,⚠ doubtful/injured,2.75,TOT(A) BOU(H) LEE(A) HUL(H),0,0,3,1150.0,1090.0,0.0
610,De Fougerolles,DEF,10,4.0,SUN,0,0.051837797564696766,,3.5,SUN(A) CRY(H) LIV(A) MUN(H),0,0,3,1130.0,1170.0,
326,Perri,GKP,13,4.5,BRE,1,0.051473020823967014,,2.75,BRE(H) BHA(A) NEW(H) CRY(H),0,0,3,1150.0,1120.0,
590,Benda,GKP,18,4.5,LIV,0,0.051473020823967014,,3.25,LIV(A) TOT(H) AVL(A) COV(H),0,0,4,1300.0,1200.0,
494,Vicario,GKP,19,4.5,NEW,1,0.051473020823967014,⚠ doubtful/injured,2.75,NEW(H) NFO(A) EVE(H) AVL(H),0,0,2,1110.0,1130.0,0.0
386,Bettinelli,GKP,15,4.5,CRY,0,0.051473020823967014,,2.75,CRY(A) COV(H) MUN(A) SUN(H),0,0,3,1170.0,1200.0,
228,King,GKP,9,4.5,BOU,0,0.051473020823967014,,3.0,BOU(A) MUN(H) TOT(A) IPS(H),0,0,3,1240.0,1230.0,
199,Benitez,GKP,8,4.5,MCI,1,0.051473020823967014,,3.0,MCI(H) FUL(A) IPS(H) LEE(A),0,0,4,1310.0,1220.0,
531,Ellborg,GKP,20,4.5,FUL,1,0.051473020823967014,,3.5,FUL(H) BRE(A) ARS(H) MCI(A),0,0,2,1120.0,1090.0,
468,John,GKP,18,4.5,LIV,0,0.051473020823967014,,3.25,LIV(A) TOT(H) AVL(A) COV(H),0,0,4,1300.0,1200.0,
83,Valdimarsson,GKP,4,4.5,LEE,0,0.051473020823967014,,3.0,LEE(A) SUN(H) BOU(A) CHE(H),0,0,3,1250.0,1160.0,
560,Penders,GKP,6,4.5,BHA,1,0.051473020823967014,,3.0,BHA(H) ARS(A) HUL(H) BRE(A),0,0,2,1200.0,1140.0,
300,Walton,GKP,12,4.5,MUN,0,0.051473020823967014,,3.5,MUN(A) LIV(H) CRY(A) EVE(A),0,0,4,1310.0,1190.0,
444,Jaouen,GKP,17,4.5,TOT,0,0.051473020823967014,,2.75,TOT(A) BOU(H) LEE(A) HUL(H),0,0,3,1150.0,1090.0,
554,Van Oevelen,GKP,12,4.5,MUN,0,0.051473020823967014,⚠ doubtful/injured,3.5,MUN(A) LIV(H) CRY(A) EVE(A),0,0,4,1310.0,1190.0,0.0
443,Gillespie,GKP,17,4.5,TOT,0,0.051473020823967014,,2.75,TOT(A) BOU(H) LEE(A) HUL(H),0,0,3,1150.0,1090.0,
225,Uche,FWD,8,5.0,MCI,1,0.05055699356480679,⚠ doubtful/injured,3.0,MCI(H) FUL(A) IPS(H) LEE(A),0,0,4,1310.0,1220.0,0.0
322,Al-Hamadi,FWD,12,5.0,MUN,0,0.05055699356480679,⚠ doubtful/injured,3.5,MUN(A) LIV(H) CRY(A) EVE(A),0,0,4,1310.0,1190.0,0.0
317,Hirst,FWD,12,5.0,MUN,0,0.05055699356480679,⚠ doubtful/injured,3.5,MUN(A) LIV(H) CRY(A) EVE(A),0,0,4,1310.0,1190.0,0.0
221,Drakes-Thomas,MID,8,4.5,MCI,1,0.04823599321104216,,3.0,MCI(H) FUL(A) IPS(H) LEE(A),0,0,4,1310.0,1220.0,
312,Taylor,MID,12,4.5,MUN,0,0.04823599321104216,⚠ doubtful/injured,3.5,MUN(A) LIV(H) CRY(A) EVE(A),0,0,4,1310.0,1190.0,0.0
212,Hughes,MID,8,4.5,MCI,1,0.04823599321104216,,3.0,MCI(H) FUL(A) IPS(H) LEE(A),0,0,4,1310.0,1220.0,
489,Yates,MID,18,4.5,LIV,0,0.04823599321104216,⚠ doubtful/injured,3.25,LIV(A) TOT(H) AVL(A) COV(H),0,0,4,1300.0,1200.0,0.0
602,Humphreys,MID,12,4.5,MUN,0,0.04823599321104216,,3.5,MUN(A) LIV(H) CRY(A) EVE(A),0,0,4,1310.0,1190.0,
50,Burrowes,MID,2,4.5,ARS,1,0.04355755431993113,,3.0,ARS(H) HUL(A) NFO(H) TOT(A),0,0,4,1270.0,1340.0,
607,Lynch,MID,2,4.5,ARS,1,0.04355755431993113,,3.0,ARS(H) HUL(A) NFO(H) TOT(A),0,0,4,1270.0,1340.0,
495,Austin,GKP,19,4.0,NEW,1,0.04336450960195391,,2.75,NEW(H) NFO(A) EVE(H) AVL(H),0,0,2,1110.0,1130.0,
354,Jaros,GKP,14,4.0,NFO,1,0.04336450960195391,⚠ doubtful/injured,2.5,NFO(H) IPS(A) FUL(H) BOU(A),0,0,3,1120.0,1130.0,0.0
355,Davies,GKP,14,4.0,NFO,1,0.04336450960195391,,2.5,NFO(H) IPS(A) FUL(H) BOU(A),0,0,3,1120.0,1130.0,
302,Button,GKP,12,4.0,MUN,0,0.04336450960195391,,3.5,MUN(A) LIV(H) CRY(A) EVE(A),0,0,4,1310.0,1190.0,
301,Palmer,GKP,12,4.0,MUN,0,0.04336450960195391,,3.5,MUN(A) LIV(H) CRY(A) EVE(A),0,0,4,1310.0,1190.0,
58,Forster,GKP,3,4.0,EVE,1,0.04336450960195391,,3.25,EVE(H) NEW(A) BRE(H) LIV(H),0,0,3,1140.0,1130.0,
59,Dennis,GKP,3,4.0,EVE,1,0.04336450960195391,⚠ doubtful/injured,3.25,EVE(H) NEW(A) BRE(H) LIV(H),0,0,3,1140.0,1130.0,0.0
111,Steele,GKP,5,4.0,CHE,0,0.04336450960195391,,3.0,CHE(A) LEE(H) COV(A) ARS(H),0,0,4,1250.0,1140.0,
353,Pecsi,GKP,14,4.0,NFO,1,0.04336450960195391,⚠ doubtful/injured,2.5,NFO(H) IPS(A) FUL(H) BOU(A),0,0,3,1120.0,1130.0,0.0
530,Patterson,GKP,20,4.0,FUL,1,0.04336450960195391,⚠ doubtful/injured,3.5,FUL(H) BRE(A) ARS(H) MCI(A),0,0,2,1120.0,1090.0,0.0
252,McNally,GKP,10,4.0,SUN,0,0.04336450960195391,,3.5,SUN(A) CRY(H) LIV(A) MUN(H),0,0,3,1130.0,1170.0,
251,Lecomte,GKP,10,4.0,SUN,0,0.04336450960195391,,3.5,SUN(A) CRY(H) LIV(A) MUN(H),0,0,3,1130.0,1170.0,
555,Matthews,GKP,8,4.0,MCI,1,0.04336450960195391,,3.0,MCI(H) FUL(A) IPS(H) LEE(A),0,0,4,1310.0,1220.0,
497,Dubravka,GKP,19,4.0,NEW,1,0.04336450960195391,,2.75,NEW(H) NFO(A) EVE(H) AVL(H),0,0,2,1110.0,1130.0,
352,Woodman,GKP,14,4.0,NFO,1,0.04336450960195391,,2.5,NFO(H) IPS(A) FUL(H) BOU(A),0,0,3,1120.0,1130.0,
414,Heaton,GKP,16,4.0,IPS,1,0.0036748342523392815,⚠ doubtful/injured,3.0,IPS(H) EVE(A) MCI(H) FUL(A),0,0,2,,,0.0
275,Cartwright,GKP,11,4.0,COV,0,0.0036748342523392815,⚠ doubtful/injured,3.0,COV(A) AVL(H) CHE(A) NEW(A),0,0,2,,,0.0
273,Phillips,GKP,11,4.0,COV,0,0.0036748342523392815,,3.0,COV(A) AVL(H) CHE(A) NEW(A),0,0,2,,,
276,Lo-Tutala,GKP,11,4.0,COV,0,0.0036748342523392815,⚠ doubtful/injured,3.0,COV(A) AVL(H) CHE(A) NEW(A),0,0,2,,,0.0
171,Dovin,GKP,7,4.0,HUL,1,0.0036748342523392815,,3.0,HUL(H) MCI(A) BHA(H) NFO(A),0,0,2,,,
325,Darlow,GKP,16,4.5,IPS,1,-0.21291033309684565,,3.0,IPS(H) EVE(A) MCI(H) FUL(A),0,0,2,,,100.0
413,Bayindir,GKP,16,4.5,IPS,1,-0.21291033309684565,⚠ doubtful/injured,3.0,IPS(H) EVE(A) MCI(H) FUL(A),0,0,2,,,0.0
172,Wilson,GKP,7,4.5,HUL,1,-0.21291033309684565,,3.0,HUL(H) MCI(A) BHA(H) NFO(A),0,0,2,,,
274,Butland,GKP,11,4.5,COV,0,-0.21291033309684565,⚠ doubtful/injured,3.0,COV(A) AVL(H) CHE(A) NEW(A),0,0,2,,,0.0
